date,close,ticker,daily_return,price_direction
2026-01-15,1020.7758748226834,RELIANCE,,
2026-01-16,1046.866804169654,RELIANCE,0.025559900062785967,1.0
2026-01-19,1044.298071140347,RELIANCE,-0.0024537343423974844,-1.0
2026-01-20,1050.3826186361746,RELIANCE,0.005826447126521472,1.0
2026-01-21,1052.3123576664414,RELIANCE,0.0018371772304957013,1.0
2026-01-22,1027.1802602175933,RELIANCE,-0.023882735259880272,-1.0
2026-01-23,1003.5760736570822,RELIANCE,-0.0229795951837225,-1.0
2026-01-26,1004.6124937684789,RELIANCE,0.00103272700356416,1.0
2026-01-27,998.5107757717459,RELIANCE,-0.0060737030791289115,-1.0
2026-01-28,1027.1417792713369,RELIANCE,0.028673705075903833,1.0
2026-01-29,1023.8050125674447,RELIANCE,-0.0032485940804192204,-1.0
2026-01-30,1054.072717366638,RELIANCE,0.029563934956022164,1.0
2026-02-02,1046.8566715800278,RELIANCE,-0.006845870942033261,-1.0
2026-02-03,1077.1977250971909,RELIANCE,0.028983006309134085,1.0
2026-02-04,1085.7036741553977,RELIANCE,0.007896367454210296,1.0
2026-02-05,1095.2029064705557,RELIANCE,0.0087493784365682,1.0
2026-02-06,1087.1241867498736,RELIANCE,-0.007376459351004505,-1.0
2026-02-09,1096.8580333144241,RELIANCE,0.008953757706054999,1.0
2026-02-10,1125.0370856320346,RELIANCE,0.025690701496218882,1.0
2026-02-11,1122.930552230172,RELIANCE,-0.0018724124109021911,-1.0
2026-02-12,1117.550645596269,RELIANCE,-0.004790952230499301,-1.0
2026-02-13,1113.749366270767,RELIANCE,-0.003401438082901276,-1.0
2026-02-16,1141.1494651811058,RELIANCE,0.024601674075096502,1.0
2026-02-17,1156.1330636068296,RELIANCE,0.013130268105016274,1.0
2026-02-18,1181.5855640634968,RELIANCE,0.02201519985706679,1.0
2026-02-19,1187.4986207417762,RELIANCE,0.0050043406572641835,1.0
2026-02-20,1188.5552455571305,RELIANCE,0.0008897903516673633,1.0
2026-02-23,1196.470025802699,RELIANCE,0.0066591605860595315,1.0
2026-02-24,1216.035155949663,RELIANCE,0.01635237801618805,1.0
2026-02-25,1211.892399436498,RELIANCE,-0.003406773638817806,-1.0
2026-02-26,1237.136305839319,RELIANCE,0.02083015490035156,1.0
2026-02-27,1244.296180690045,RELIANCE,0.00578745835598804,1.0
2026-03-02,1199.7576290918184,RELIANCE,-0.03579417207045277,-1.0
2026-03-03,1216.0172260718748,RELIANCE,0.013552401406577763,1.0
2026-03-04,1193.1748590455338,RELIANCE,-0.01878457519892962,-1.0
2026-03-05,1208.9099615674418,RELIANCE,0.013187591410109833,1.0
2026-03-06,1225.6204458849486,RELIANCE,0.013822769973572235,1.0
2026-03-09,1232.0529787031617,RELIANCE,0.00524838896071822,1.0
2026-03-10,1242.4702496606483,RELIANCE,0.00845521348315037,1.0
2026-03-11,1263.3227046673064,RELIANCE,0.016783061817660094,1.0
2026-03-12,1254.3096360779084,RELIANCE,-0.007134415107161063,-1.0
2026-03-13,1269.6140259844544,RELIANCE,0.012201444895537206,1.0
2026-03-16,1292.1437706619652,RELIANCE,0.017745349544355582,1.0
2026-03-17,1326.645610257062,RELIANCE,0.02670123896307719,1.0
2026-03-18,1305.0389255039904,RELIANCE,-0.016286704290895626,-1.0
2026-03-19,1313.427377679183,RELIANCE,0.006427740974816576,1.0
2026-03-20,1294.8787123316345,RELIANCE,-0.014122337985921996,-1.0
2026-03-23,1275.7678172018936,RELIANCE,-0.014758830265522382,-1.0
2026-03-24,1283.0210887098128,RELIANCE,0.0056854165860897865,1.0
2026-03-25,1284.8966566938257,RELIANCE,0.0014618372219421527,1.0
2026-03-26,1307.3502542657693,RELIANCE,0.01747502217782948,1.0
2026-03-27,1300.9538513010818,RELIANCE,-0.004892646743913209,-1.0
2026-03-30,1298.728216473578,RELIANCE,-0.0017107715429551806,-1.0
2026-03-31,1303.2381332395655,RELIANCE,0.003472563935072781,1.0
2026-04-01,1286.7815813267666,RELIANCE,-0.012627432771546876,-1.0
2026-04-02,1273.2111214224753,RELIANCE,-0.010546047675238812,-1.0
2026-04-03,1294.9085232668979,RELIANCE,0.017041479986588115,1.0
2026-04-06,1284.6342973961996,RELIANCE,-0.007934325619216476,-1.0
2026-04-07,1307.8054369823467,RELIANCE,0.018037148496745203,1.0
2026-04-08,1320.1114790376278,RELIANCE,0.009409688710024122,1.0
2026-04-09,1289.863810417617,RELIANCE,-0.022912965382333894,-1.0
2026-04-10,1300.5125137670152,RELIANCE,0.008255680377566632,1.0
2026-04-13,1311.0950407430157,RELIANCE,0.00813719734641194,1.0
2026-04-14,1319.805863273351,RELIANCE,0.006643929127669201,1.0
2026-04-15,1317.393059002198,RELIANCE,-0.001828150895745173,-1.0
2026-01-15,986.1989881691222,TCS,,
2026-01-16,1006.4093528825822,TCS,0.020493191491689267,1.0
2026-01-19,1005.1778159661575,TCS,-0.0012236938308426426,-1.0
2026-01-20,992.159665188093,TCS,-0.012951092405030562,-1.0
2026-01-21,999.2655427639962,TCS,0.007162030291320232,1.0
2026-01-22,988.4318059676905,TCS,-0.010841699560998896,-1.0
2026-01-23,974.6567332551324,TCS,-0.013936290424276687,-1.0
2026-01-26,969.4597766305689,TCS,-0.005332089183036626,-1.0
2026-01-27,960.0744690440638,TCS,-0.009680966464771124,-1.0
2026-01-28,947.2251839490723,TCS,-0.013383633779768589,-1.0
2026-01-29,958.9671544519634,TCS,0.012396176433926431,1.0
2026-01-30,957.6174875683116,TCS,-0.0014074172169360466,-1.0
2026-02-02,975.8928504419389,TCS,0.019084199182738404,1.0
2026-02-03,963.6769729477986,TCS,-0.012517642165949083,-1.0
2026-02-04,938.9939141697039,TCS,-0.025613415564544995,-1.0
2026-02-05,941.3710291322664,TCS,0.0025315552387412676,1.0
2026-02-06,967.8609122560364,TCS,0.028139683827095974,1.0
2026-02-09,975.8600914856469,TCS,0.00826480244042993,1.0
2026-02-10,1023.2191798722451,TCS,0.048530612943192386,1.0
2026-02-11,1028.622684547306,TCS,0.005280886814236219,1.0
2026-02-12,1032.5656865715634,TCS,0.0038332831693213,1.0
2026-02-13,999.4921532337603,TCS,-0.03203044006586886,-1.0
2026-02-16,1006.207952512701,TCS,0.006719211608827935,1.0
2026-02-17,1009.0555375204135,TCS,0.002830016400289237,1.0
2026-02-18,1003.1915949393972,TCS,-0.005811317973068109,-1.0
2026-02-19,1001.4343212708943,TCS,-0.0017516830058859068,-1.0
2026-02-20,1000.7117777806078,TCS,-0.0007215086151326489,-1.0
2026-02-23,998.3111329763639,TCS,-0.002398937293980996,-1.0
2026-02-24,1029.903412002796,TCS,0.03164572444688951,1.0
2026-02-25,1024.483102009117,TCS,-0.005262930417075151,-1.0
2026-02-26,1027.3923326751174,TCS,0.002839705857807795,1.0
2026-02-27,1021.4760772314672,TCS,-0.005758516250793377,-1.0
2026-03-02,1033.7863632843435,TCS,0.012051467799658155,1.0
2026-03-03,1036.837537731653,TCS,0.002951455499582867,1.0
2026-03-04,1032.7952621509053,TCS,-0.003898658597557225,-1.0
2026-03-05,1003.2681421857388,TCS,-0.028589519188607748,-1.0
2026-03-06,1007.2306734958538,TCS,0.003949623379331246,1.0
2026-03-09,1002.8556219198616,TCS,-0.004343644103696143,-1.0
2026-03-10,1002.2427669678626,TCS,-0.0006111098533064796,-1.0
2026-03-11,984.7667909248984,TCS,-0.01743686920868004,-1.0
2026-03-12,1006.2339512479688,TCS,0.021799232590802964,1.0
2026-03-13,1019.4670824988548,TCS,0.013151147637658012,1.0
2026-03-16,1041.6512876635288,TCS,0.021760589964609167,1.0
2026-03-17,1059.8850700335565,TCS,0.017504689511714577,1.0
2026-03-18,1069.6198595332783,TCS,0.00918475953191189,1.0
2026-03-19,1051.6136246431686,TCS,-0.016834237630896864,-1.0
2026-03-20,1081.0070745890162,TCS,0.02795080746107792,1.0
2026-03-23,1066.2896743001902,TCS,-0.013614527263312581,-1.0
2026-03-24,1062.3165570316614,TCS,-0.0037261143611245773,-1.0
2026-03-25,1073.8995619524724,TCS,0.010903534209403931,1.0
2026-03-26,1086.408464120454,TCS,0.011648111807811112,1.0
2026-03-27,1096.0596290141877,TCS,0.008883550904168702,1.0
2026-03-30,1089.807346237729,TCS,-0.005704327219936189,-1.0
2026-03-31,1080.21271024926,TCS,-0.008803974410332205,-1.0
2026-04-01,1121.6042884895708,TCS,0.038317988529092295,1.0
2026-04-02,1121.2793495458352,TCS,-0.00028970907749747976,-1.0
2026-04-03,1118.8948696565546,TCS,-0.0021265707695824476,-1.0
2026-04-06,1107.2546176636288,TCS,-0.01040334736408155,-1.0
2026-04-07,1111.6504796561408,TCS,0.003970055236064418,1.0
2026-04-08,1115.2859569187196,TCS,0.0032703420086710455,1.0
2026-04-09,1115.3490897652664,TCS,5.660686943564919e-05,1.0
2026-04-10,1122.0700715127064,TCS,0.006025899701818327,1.0
2026-04-13,1152.0888823063726,TCS,0.02675306253663523,1.0
2026-04-14,1142.1512048615034,TCS,-0.008625790594363636,-1.0
2026-04-15,1143.2319724439533,TCS,0.0009462561330317865,1.0
2026-01-15,990.5822732117416,HDFCBANK,,
2026-01-16,995.2582924763815,HDFCBANK,0.004720475412384406,1.0
2026-01-19,987.0702601851824,HDFCBANK,-0.008227042520616235,-1.0
2026-01-20,979.5866440092266,HDFCBANK,-0.007581644871512805,-1.0
2026-01-21,958.4345759447667,HDFCBANK,-0.02159285061083438,-1.0
2026-01-22,960.128054835571,HDFCBANK,0.0017669217422950911,1.0
2026-01-23,966.6056013186271,HDFCBANK,0.006746544328574355,1.0
2026-01-26,993.8707859607707,HDFCBANK,0.028207145297884484,1.0
2026-01-27,1001.1683191964194,HDFCBANK,0.007342537217847944,1.0
2026-01-28,994.7155272238149,HDFCBANK,-0.006445261849459816,-1.0
2026-01-29,974.7265333735389,HDFCBANK,-0.020095186315291502,-1.0
2026-01-30,957.1626385942541,HDFCBANK,-0.018019305084982173,-1.0
2026-02-02,938.847881785135,HDFCBANK,-0.019134425092079743,-1.0
2026-02-03,965.577472952947,HDFCBANK,0.028470630531740815,1.0
2026-02-04,970.0356961795054,HDFCBANK,0.004617157453895571,1.0
2026-02-05,961.8442362530966,HDFCBANK,-0.008444493288928379,-1.0
2026-02-06,948.2842580915399,HDFCBANK,-0.014097894077299,-1.0
2026-02-09,936.3912395448529,HDFCBANK,-0.012541617605908773,-1.0
2026-02-10,928.1140176875798,HDFCBANK,-0.008839490917595838,-1.0
2026-02-11,946.7169756487982,HDFCBANK,0.020043828243827333,1.0
2026-02-12,946.5757711969076,HDFCBANK,-0.00014915170586637938,-1.0
2026-02-13,926.307694325076,HDFCBANK,-0.021411996259109167,-1.0
2026-02-16,958.6885296874856,HDFCBANK,0.034956889120955514,1.0
2026-02-17,942.5802451518094,HDFCBANK,-0.016802417090488353,-1.0
2026-02-18,934.5093738562691,HDFCBANK,-0.008562529648858064,-1.0
2026-02-19,953.1548598386617,HDFCBANK,0.019952165814508316,1.0
2026-02-20,959.3763346448368,HDFCBANK,0.006527244489135997,1.0
2026-02-23,952.9016524710585,HDFCBANK,-0.0067488449943632345,-1.0
2026-02-24,935.5869492867045,HDFCBANK,-0.018170503891407508,-1.0
2026-02-25,922.3012856227684,HDFCBANK,-0.014200351633875452,-1.0
2026-02-26,910.0370379679111,HDFCBANK,-0.013297441786147002,-1.0
2026-02-27,910.4060370266005,HDFCBANK,0.0004054769677432901,1.0
2026-03-02,913.2883163161811,HDFCBANK,0.003165927259219492,1.0
2026-03-03,911.5258347786461,HDFCBANK,-0.0019298194294701254,-1.0
2026-03-04,911.2631264619963,HDFCBANK,-0.00028820720886491014,-1.0
2026-03-05,897.1742258414512,HDFCBANK,-0.0154608479279148,-1.0
2026-03-06,901.3882904967174,HDFCBANK,0.004697041593358264,1.0
2026-03-09,918.9723745589818,HDFCBANK,0.019507779552554894,1.0
2026-03-10,917.0040503963116,HDFCBANK,-0.002141875226243539,-1.0
2026-03-11,914.771786889492,HDFCBANK,-0.0024343005964422293,-1.0
2026-03-12,916.1851237360603,HDFCBANK,0.0015450157807928022,1.0
2026-03-13,931.827219140195,HDFCBANK,0.017073072896390817,1.0
2026-03-16,919.6008586389217,HDFCBANK,-0.013120844991579617,-1.0
2026-03-17,939.8897457319123,HDFCBANK,0.022062710035982036,1.0
2026-03-18,946.1102496084231,HDFCBANK,0.006618333591528636,1.0
2026-03-19,946.8011091858046,HDFCBANK,0.0007302104354829364,1.0
2026-03-20,964.3155876624764,HDFCBANK,0.018498582549964837,1.0
2026-03-23,947.5066690874197,HDFCBANK,-0.017430931108146863,-1.0
2026-03-24,955.2105454955338,HDFCBANK,0.008130683043670706,1.0
2026-03-25,961.6626521668472,HDFCBANK,0.006754643467599353,1.0
2026-03-26,948.4572679893796,HDFCBANK,-0.01373182596590694,-1.0
2026-03-27,955.2952388042045,HDFCBANK,0.007209571844307261,1.0
2026-03-30,959.6414287107068,HDFCBANK,0.004549577690707185,1.0
2026-03-31,957.3564535711553,HDFCBANK,-0.0023810717953490768,-1.0
2026-04-01,970.0340198285403,HDFCBANK,0.013242263328455017,1.0
2026-04-02,962.0057138979604,HDFCBANK,-0.008276313785364975,-1.0
2026-04-03,966.1950743584698,HDFCBANK,0.00435481868765053,1.0
2026-04-06,964.5765944803202,HDFCBANK,-0.0016751067368298012,-1.0
2026-04-07,955.9721349360451,HDFCBANK,-0.00892045234511507,-1.0
2026-04-08,963.4700827674205,HDFCBANK,0.007843270276781666,1.0
2026-04-09,960.756916126867,HDFCBANK,-0.002816036210237405,-1.0
2026-04-10,939.817126061134,HDFCBANK,-0.021795096880643183,-1.0
2026-04-13,914.7089796432197,HDFCBANK,-0.02671599157076976,-1.0
2026-04-14,925.8097616097663,HDFCBANK,0.012135862021247945,1.0
2026-04-15,909.1368521238613,HDFCBANK,-0.018009001608402464,-1.0
2026-01-15,1004.4907674010091,INFY,,
2026-01-16,1005.6200946782396,INFY,0.0011242784044223075,1.0
2026-01-19,1000.3627362999019,INFY,-0.0052279766545634265,-1.0
2026-01-20,1030.0235182991667,INFY,0.02965002685823026,1.0
2026-01-21,1033.1085523242803,INFY,0.0029951102769067983,1.0
2026-01-22,1045.1282560906986,INFY,0.01163450224023066,1.0
2026-01-23,1049.9068366841925,INFY,0.004572243230097195,1.0
2026-01-26,1046.5753863858033,INFY,-0.003173091346762358,-1.0
2026-01-27,1046.5896917594123,INFY,1.366874646113736e-05,1.0
2026-01-28,1069.8011060198978,INFY,0.022178141484907155,1.0
2026-01-29,1087.5828900340546,INFY,0.016621579389006547,1.0
2026-01-30,1119.7533705713122,INFY,0.029579796475329045,1.0
2026-02-02,1123.8120637924867,INFY,0.0036246313945933473,1.0
2026-02-03,1109.3665206073051,INFY,-0.012854055985511259,-1.0
2026-02-04,1102.3689093159924,INFY,-0.006307754165397084,-1.0
2026-02-05,1083.059073741752,INFY,-0.017516672876979,-1.0
2026-02-06,1095.8453030199553,INFY,0.011805661933129263,1.0
2026-02-09,1086.5429519668212,INFY,-0.008488744741158682,-1.0
2026-02-10,1037.0729021435432,INFY,-0.04552976919479268,-1.0
2026-02-11,1075.7107492196526,INFY,0.03725663547494906,1.0
2026-02-12,1066.8264357715857,INFY,-0.008259017077324793,-1.0
2026-02-13,1057.9196470733032,INFY,-0.008348863882287172,-1.0
2026-02-16,1084.7634857465682,INFY,0.025374175389905718,1.0
2026-02-17,1065.4289089609103,INFY,-0.017823771761962703,-1.0
2026-02-18,1083.913129177712,INFY,0.017349088297997195,1.0
2026-02-19,1074.6872544605126,INFY,-0.008511636651360233,-1.0
2026-02-20,1053.6696692595337,INFY,-0.019556931668952893,-1.0
2026-02-23,1080.9447162025328,INFY,0.025885766420671974,1.0
2026-02-24,1096.2362511294425,INFY,0.014146454205937964,1.0
2026-02-25,1111.6931984592838,INFY,0.01410001476772571,1.0
2026-02-26,1118.157508979935,INFY,0.005814833201831515,1.0
2026-02-27,1128.5413060776486,INFY,0.009286524496165516,1.0
2026-03-02,1108.0217500713236,INFY,-0.018182370371220835,-1.0
2026-03-03,1110.2091654569128,INFY,0.0019741628586700255,1.0
2026-03-04,1095.0754102719832,INFY,-0.01363144500676261,-1.0
2026-03-05,1072.5890137637193,INFY,-0.020534107785945888,-1.0
2026-03-06,1079.5225508831538,INFY,0.006464299960620146,1.0
2026-03-09,1098.6001360878656,INFY,0.017672243334893256,1.0
2026-03-10,1092.61218049166,INFY,-0.005450532363421079,-1.0
2026-03-11,1089.4652461170178,INFY,-0.002880193385017993,-1.0
2026-03-12,1071.1924521008984,INFY,-0.016772259676245516,-1.0
2026-03-13,1071.6297741227547,INFY,0.0004082571913184285,1.0
2026-03-16,1084.1690659445148,INFY,0.011701141685826144,1.0
2026-03-17,1097.3665649692582,INFY,0.012172916050916749,1.0
2026-03-18,1106.6696465460768,INFY,0.008477642634463933,1.0
2026-03-19,1096.7356624218567,INFY,-0.00897646750791814,-1.0
2026-03-20,1086.3693875140418,INFY,-0.009451935651407228,-1.0
2026-03-23,1099.6568443866063,INFY,0.012231067098614101,1.0
2026-03-24,1113.3805441916236,INFY,0.012479983983251008,1.0
2026-03-25,1110.8421202977052,INFY,-0.0022799247814784263,-1.0
2026-03-26,1104.0742273526207,INFY,-0.006092578613485333,-1.0
2026-03-27,1123.7363611132112,INFY,0.017808706401685415,1.0
2026-03-30,1118.0061709797733,INFY,-0.005099229972198582,-1.0
2026-03-31,1130.850925283321,INFY,0.011488983367856642,1.0
2026-04-01,1128.868942097301,INFY,-0.0017526476228716392,-1.0
2026-04-02,1111.4696944448078,INFY,-0.015412991715555102,-1.0
2026-04-03,1138.6836765774683,INFY,0.02448468210035548,1.0
2026-04-06,1141.0760036536776,INFY,0.0021009584359721334,1.0
2026-04-07,1129.2531329518995,INFY,-0.01036115969832141,-1.0
2026-04-08,1106.0333340268492,INFY,-0.020562085016627818,-1.0
2026-04-09,1084.9633857704894,INFY,-0.019050011973552605,-1.0
2026-04-10,1079.2199464925372,INFY,-0.005293671061418759,-1.0
2026-04-13,1110.7082748366604,INFY,0.029176933253003856,1.0
2026-04-14,1101.300655519736,INFY,-0.008469928180113606,-1.0
2026-04-15,1125.5422900518633,INFY,0.02201182248519329,1.0
2026-01-15,998.3385449709538,ICICIBANK,,
2026-01-16,980.9502270917801,ICICIBANK,-0.017417255866525316,-1.0
2026-01-19,974.2815628183159,ICICIBANK,-0.0067981678267557966,-1.0
2026-01-20,955.8532035428069,ICICIBANK,-0.01891481885606161,-1.0
2026-01-21,943.8672566997514,ICICIBANK,-0.0125395267794578,-1.0
2026-01-22,931.6099879774122,ICICIBANK,-0.012986220928138725,-1.0
2026-01-23,905.2854305023718,ICICIBANK,-0.028257058012219005,-1.0
2026-01-26,926.099699737811,ICICIBANK,0.022991941032220797,1.0
2026-01-27,929.3088717726587,ICICIBANK,0.003465255453334315,1.0
2026-01-28,920.0211952714869,ICICIBANK,-0.009994176084271666,-1.0
2026-01-29,923.3575290340838,ICICIBANK,0.0036263661965008076,1.0
2026-01-30,912.0628296153476,ICICIBANK,-0.012232205904630922,-1.0
2026-02-02,875.7938034510361,ICICIBANK,-0.03976592948054636,-1.0
2026-02-03,914.8983247585013,ICICIBANK,0.04465037449839815,1.0
2026-02-04,917.7747633991228,ICICIBANK,0.00314399815015598,1.0
2026-02-05,909.9413762862009,ICICIBANK,-0.00853519558972149,-1.0
2026-02-06,883.8181221187162,ICICIBANK,-0.028708722175161516,-1.0
2026-02-09,864.2749175637474,ICICIBANK,-0.022112246927138424,-1.0
2026-02-10,885.9832381794058,ICICIBANK,0.025117378943323665,1.0
2026-02-11,906.2094188360239,ICICIBANK,0.022829078231977107,1.0
2026-02-12,916.7198400621421,ICICIBANK,0.011598225539984242,1.0
2026-02-13,901.6616573495406,ICICIBANK,-0.016426155576147128,-1.0
2026-02-16,922.3544405750561,ICICIBANK,0.022949609819655103,1.0
2026-02-17,928.8540318315454,ICICIBANK,0.007046739269165325,1.0
2026-02-18,938.2576262570403,ICICIBANK,0.010123866725272768,1.0
2026-02-19,944.8184529134901,ICICIBANK,0.006992564166648618,1.0
2026-02-20,923.7444589442807,ICICIBANK,-0.022304807769391588,-1.0
2026-02-23,907.4196641943262,ICICIBANK,-0.017672414261203473,-1.0
2026-02-24,900.7471601351627,ICICIBANK,-0.007353272496125385,-1.0
2026-02-25,909.7137338638636,ICICIBANK,0.00995459561299672,1.0
2026-02-26,891.1496776257795,ICICIBANK,-0.02040648123364719,-1.0
2026-02-27,889.0731240118121,ICICIBANK,-0.0023301962241627505,-1.0
2026-03-02,886.9845644150527,ICICIBANK,-0.0023491426524457903,-1.0
2026-03-03,897.7978778048683,ICICIBANK,0.012191095339913582,1.0
2026-03-04,907.1529972614684,ICICIBANK,0.010420073034114852,1.0
2026-03-05,893.6787009688834,ICICIBANK,-0.01485338893578203,-1.0
2026-03-06,913.33989382903,ICICIBANK,0.022000292542309507,1.0
2026-03-09,897.6773956718513,ICICIBANK,-0.01714859743125441,-1.0
2026-03-10,912.653878755386,ICICIBANK,0.016683591628511296,1.0
2026-03-11,905.3962967886854,ICICIBANK,-0.007952173475225921,-1.0
2026-03-12,907.8941849455139,ICICIBANK,0.002758889301500478,1.0
2026-03-13,911.244143714487,ICICIBANK,0.003689811901564477,1.0
2026-03-16,914.2199131703214,ICICIBANK,0.003265611610631991,1.0
2026-03-17,923.7437881236672,ICICIBANK,0.010417487976518647,1.0
2026-03-18,929.445035452876,ICICIBANK,0.006171892469003071,1.0
2026-03-19,940.6492508629391,ICICIBANK,0.012054736948058142,1.0
2026-03-20,947.4871119027173,ICICIBANK,0.007269299405177065,1.0
2026-03-23,929.8005321151403,ICICIBANK,-0.01866682888388771,-1.0
2026-03-24,933.8423621210977,ICICIBANK,0.004346986118369811,1.0
2026-03-25,926.2240308044654,ICICIBANK,-0.008158048537580065,-1.0
2026-03-26,911.0905145610953,ICICIBANK,-0.016338937168609124,-1.0
2026-03-27,907.4027860610682,ICICIBANK,-0.004047598390159557,-1.0
2026-03-30,910.1690342929369,ICICIBANK,0.0030485339855266247,1.0
2026-03-31,913.8507821898853,ICICIBANK,0.004045125419816831,1.0
2026-04-01,928.6006730149169,ICICIBANK,0.016140371177103985,1.0
2026-04-02,947.0887751325545,ICICIBANK,0.019909636784573692,1.0
2026-04-03,952.1502187666324,ICICIBANK,0.005344212461360298,1.0
2026-04-06,959.8213080821893,ICICIBANK,0.008056595655141052,1.0
2026-04-07,961.4814490880344,ICICIBANK,0.0017296354976348294,1.0
2026-04-08,972.8349892812665,ICICIBANK,0.011808381954743874,1.0
2026-04-09,980.2332262904358,ICICIBANK,0.007604822082555973,1.0
2026-04-10,979.7261306577732,ICICIBANK,-0.0005173214078670885,-1.0
2026-04-13,1011.6453518011821,ICICIBANK,0.03257973850506457,1.0
2026-04-14,1003.6606874938667,ICICIBANK,-0.007892750451627184,-1.0
2026-04-15,1025.8585047366169,ICICIBANK,0.02211685435062516,1.0
2026-01-15,979.9856061050959,BHARTIARTL,,
2026-01-16,992.2395892061003,BHARTIARTL,0.012504248046772082,1.0
2026-01-19,1013.918560950621,BHARTIARTL,0.02184852527590264,1.0
2026-01-20,985.2162642804972,BHARTIARTL,-0.028308286065118815,-1.0
2026-01-21,987.565274627356,BHARTIARTL,0.0023842585958264717,1.0
2026-01-22,998.459315171446,BHARTIARTL,0.011031210618660747,1.0
2026-01-23,1002.5324840803848,BHARTIARTL,0.004079454061920895,1.0
2026-01-26,1008.5199479680158,BHARTIARTL,0.005972339034104435,1.0
2026-01-27,1010.8832606018885,BHARTIARTL,0.0023433474356500117,1.0
2026-01-28,994.5941734207851,BHARTIARTL,-0.016113717395423888,-1.0
2026-01-29,1030.2212168981,BHARTIARTL,0.035820683882331616,1.0
2026-01-30,1022.7489524086773,BHARTIARTL,-0.007253067949737124,-1.0
2026-02-02,1029.7163463764637,BHARTIARTL,0.006812418581683577,1.0
2026-02-03,1020.0343404456804,BHARTIARTL,-0.009402595156281501,-1.0
2026-02-04,985.5184716281536,BHARTIARTL,-0.03383794785031047,-1.0
2026-02-05,972.1472594545776,BHARTIARTL,-0.013567693106234513,-1.0
2026-02-06,951.3296004524633,BHARTIARTL,-0.021414100384127055,-1.0
2026-02-09,967.1916069969586,BHARTIARTL,0.016673513088367287,1.0
2026-02-10,958.6773997039612,BHARTIARTL,-0.008803020240666926,-1.0
2026-02-11,951.5722867000419,BHARTIARTL,-0.0074113700876993205,-1.0
2026-02-12,936.6659442360906,BHARTIARTL,-0.015664960689055984,-1.0
2026-02-13,938.268140352298,BHARTIARTL,0.001710530980726599,1.0
2026-02-16,928.4661677976158,BHARTIARTL,-0.010446877745419192,-1.0
2026-02-17,942.5652245642032,BHARTIARTL,0.015185320968701843,1.0
2026-02-18,947.1183705674937,BHARTIARTL,0.004830589846337441,1.0
2026-02-19,939.2787054823066,BHARTIARTL,-0.00827738678586687,-1.0
2026-02-20,951.5395760982675,BHARTIARTL,0.013053495777555435,1.0
2026-02-23,951.9383737997699,BHARTIARTL,0.0004191078453485986,1.0
2026-02-24,952.530911253573,BHARTIARTL,0.0006224535853491808,1.0
2026-02-25,931.9185961617034,BHARTIARTL,-0.021639523555978757,-1.0
2026-02-26,931.204474404474,BHARTIARTL,-0.0007662919917797995,-1.0
2026-02-27,935.9751928496008,BHARTIARTL,0.005123169589769994,1.0
2026-03-02,954.9787673612295,BHARTIARTL,0.020303502332975176,1.0
2026-03-03,944.4946242133603,BHARTIARTL,-0.010978404448549917,-1.0
2026-03-04,977.0528928230502,BHARTIARTL,0.03447162935078274,1.0
2026-03-05,985.5073556890861,BHARTIARTL,0.00865302475243479,1.0
2026-03-06,963.3421341935028,BHARTIARTL,-0.02249117814050705,-1.0
2026-03-09,951.4179125081683,BHARTIARTL,-0.012377971711283298,-1.0
2026-03-10,971.982798759346,BHARTIARTL,0.0216149874632523,1.0
2026-03-11,990.4003537271104,BHARTIARTL,0.018948437144435948,1.0
2026-03-12,990.9662706912937,BHARTIARTL,0.0005714022234075689,1.0
2026-03-13,993.4920113791487,BHARTIARTL,0.002548765545867804,1.0
2026-03-16,976.43459393281,BHARTIARTL,-0.017169154105889484,-1.0
2026-03-17,996.082060392997,BHARTIARTL,0.020121641103530097,1.0
2026-03-18,981.6224288863745,BHARTIARTL,-0.01451650630161705,-1.0
2026-03-19,994.3551679342576,BHARTIARTL,0.012971116666851357,1.0
2026-03-20,1014.8196292328618,BHARTIARTL,0.02058063552997713,1.0
2026-03-23,1015.8571131468098,BHARTIARTL,0.0010223333132926005,1.0
2026-03-24,1030.9061936163077,BHARTIARTL,0.014814170491832979,1.0
2026-03-25,1059.7866137530193,BHARTIARTL,0.02801459562038544,1.0
2026-03-26,1064.3643959317503,BHARTIARTL,0.0043195319881610406,1.0
2026-03-27,1061.884930071245,BHARTIARTL,-0.0023295272464791683,-1.0
2026-03-30,1061.1386449207741,BHARTIARTL,-0.0007027928632726832,-1.0
2026-03-31,1049.6307888707404,BHARTIARTL,-0.010844818540081458,-1.0
2026-04-01,1037.8919733026457,BHARTIARTL,-0.01118375689105311,-1.0
2026-04-02,1045.090897331279,BHARTIARTL,0.006936101457385435,1.0
2026-04-03,1042.834287599269,BHARTIARTL,-0.002159247332239156,-1.0
2026-04-06,1048.271143423266,BHARTIARTL,0.005213537652768885,1.0
2026-04-07,1025.1577686947887,BHARTIARTL,-0.022049042247788697,-1.0
2026-04-08,1024.0410824028775,BHARTIARTL,-0.0010892823778070326,-1.0
2026-04-09,1040.1715397007358,BHARTIARTL,0.015751767751357004,1.0
2026-04-10,1023.0254933427858,BHARTIARTL,-0.016483864154640315,-1.0
2026-04-13,1023.5860051353865,BHARTIARTL,0.0005478962120182285,1.0
2026-04-14,995.4177989024861,BHARTIARTL,-0.02751913966347619,-1.0
2026-04-15,976.2242222507275,BHARTIARTL,-0.01928193033409764,-1.0
2026-01-15,1012.4149133151708,KOTAKBANK,,
2026-01-16,1008.0217773241027,KOTAKBANK,-0.0043392643996943425,-1.0
2026-01-19,1035.8745207823126,KOTAKBANK,0.027631092983078087,1.0
2026-01-20,1042.904635135193,KOTAKBANK,0.0067866466563644146,1.0
2026-01-21,1051.5179167001695,KOTAKBANK,0.00825893497333996,1.0
2026-01-22,1034.8542696381205,KOTAKBANK,-0.015847230748423313,-1.0
2026-01-23,1029.1868067666908,KOTAKBANK,-0.005476580652666763,-1.0
2026-01-26,1018.1852704178709,KOTAKBANK,-0.010689542730714208,-1.0
2026-01-27,1002.2184697135143,KOTAKBANK,-0.015681626093258738,-1.0
2026-01-28,1012.4996245477694,KOTAKBANK,0.010258396891442256,1.0
2026-01-29,1025.9332042777294,KOTAKBANK,0.013267737986530248,1.0
2026-01-30,1032.380227947779,KOTAKBANK,0.006284057912511409,1.0
2026-02-02,1019.8667390506828,KOTAKBANK,-0.012121007898389657,-1.0
2026-02-03,1025.2322075084126,KOTAKBANK,0.005260950526462027,1.0
2026-02-04,996.1256846738407,KOTAKBANK,-0.028390176021984792,-1.0
2026-02-05,1016.1927750835675,KOTAKBANK,0.02014513903062065,1.0
2026-02-06,996.7100704742492,KOTAKBANK,-0.01917225263456157,-1.0
2026-02-09,980.2574922251454,KOTAKBANK,-0.0165068847365768,-1.0
2026-02-10,982.2468111384402,KOTAKBANK,0.0020293840435527954,1.0
2026-02-11,985.5495113369492,KOTAKBANK,0.003362393403630426,1.0
2026-02-12,984.7697160055313,KOTAKBANK,-0.0007912289767766367,-1.0
2026-02-13,968.6668412627689,KOTAKBANK,-0.016351919114734437,-1.0
2026-02-16,985.4249906303755,KOTAKBANK,0.017300219904049285,1.0
2026-02-17,960.7999709925604,KOTAKBANK,-0.024989238016038695,-1.0
2026-02-18,939.7113389389026,KOTAKBANK,-0.021949034856726723,-1.0
2026-02-19,938.4852584824331,KOTAKBANK,-0.001304741579317259,-1.0
2026-02-20,920.9698297314752,KOTAKBANK,-0.01866350972766584,-1.0
2026-02-23,938.1361355681532,KOTAKBANK,0.018639379144138823,1.0
2026-02-24,921.8376905347819,KOTAKBANK,-0.01737321953119375,-1.0
2026-02-25,943.644136553345,KOTAKBANK,0.02365540728315474,1.0
2026-02-26,958.5790342295122,KOTAKBANK,0.015826832486573572,1.0
2026-02-27,976.6250859522182,KOTAKBANK,0.018825836032613674,1.0
2026-03-02,1004.5629991200437,KOTAKBANK,0.02860658974429864,1.0
2026-03-03,1006.088346525409,KOTAKBANK,0.0015184188614365546,1.0
2026-03-04,991.1030439866554,KOTAKBANK,-0.014894618937299375,-1.0
2026-03-05,989.869003611418,KOTAKBANK,-0.0012451181365296105,-1.0
2026-03-06,981.752093539396,KOTAKBANK,-0.008199984081134315,-1.0
2026-03-09,971.6028689198046,KOTAKBANK,-0.010337869087705842,-1.0
2026-03-10,974.0928942602993,KOTAKBANK,0.0025628015521024228,1.0
2026-03-11,969.8306892260161,KOTAKBANK,-0.004375563213116163,-1.0
2026-03-12,959.1788978840293,KOTAKBANK,-0.010983145264755079,-1.0
2026-03-13,955.9358796064953,KOTAKBANK,-0.003381035888808892,-1.0
2026-03-16,964.0944835363312,KOTAKBANK,0.008534676963055654,1.0
2026-03-17,978.2148601739208,KOTAKBANK,0.014646258098890419,1.0
2026-03-18,954.9882647577995,KOTAKBANK,-0.023743858697864995,-1.0
2026-03-19,950.9314590476433,KOTAKBANK,-0.004248016294927992,-1.0
2026-03-20,949.2006229762296,KOTAKBANK,-0.0018201480821206095,-1.0
2026-03-23,932.6486520364175,KOTAKBANK,-0.017437800333414466,-1.0
2026-03-24,931.253795773607,KOTAKBANK,-0.0014955859956103934,-1.0
2026-03-25,933.6004940094687,KOTAKBANK,0.0025199341431003663,1.0
2026-03-26,941.1463369744241,KOTAKBANK,0.008082518179214793,1.0
2026-03-27,942.5179357733879,KOTAKBANK,0.0014573703844751318,1.0
2026-03-30,930.3460318626446,KOTAKBANK,-0.012914241149963424,-1.0
2026-03-31,958.7033979543027,KOTAKBANK,0.03048045041357761,1.0
2026-04-01,970.9143087730165,KOTAKBANK,0.012736901574323944,1.0
2026-04-02,979.2552356979774,KOTAKBANK,0.008590796169748005,1.0
2026-04-03,994.3088063100007,KOTAKBANK,0.015372468855163968,1.0
2026-04-06,998.255354756424,KOTAKBANK,0.003969137577157111,1.0
2026-04-07,1017.8156825648541,KOTAKBANK,0.01959451328282924,1.0
2026-04-08,1018.9893047131071,KOTAKBANK,0.0011530792542864265,1.0
2026-04-09,1019.3217111544682,KOTAKBANK,0.0003262119041127498,1.0
2026-04-10,1029.3400403674468,KOTAKBANK,0.009828427181867827,1.0
2026-04-13,1053.9879614845465,KOTAKBANK,0.0239453631943638,1.0
2026-04-14,1078.2093734384064,KOTAKBANK,0.02298072922933958,1.0
2026-04-15,1088.1210438124033,KOTAKBANK,0.009192713973899647,1.0
2026-01-15,1008.049177878652,BAJFINANCE,,
2026-01-16,1018.8762673361329,BAJFINANCE,0.01074063616644727,1.0
2026-01-19,1034.245316574166,BAJFINANCE,0.015084313700048924,1.0
2026-01-20,1054.7037015564897,BAJFINANCE,0.01978097909119869,1.0
2026-01-21,1051.2772210300334,BAJFINANCE,-0.0032487612600577975,-1.0
2026-01-22,1072.377321345255,BAJFINANCE,0.02007091934756078,1.0
2026-01-23,1078.2163372665932,BAJFINANCE,0.005444926711069664,1.0
2026-01-26,1089.0674788151166,BAJFINANCE,0.010063974337499282,1.0
2026-01-27,1111.9697400105604,BAJFINANCE,0.02102923982300986,1.0
2026-01-28,1124.7639901726388,BAJFINANCE,0.011505933751359887,1.0
2026-01-29,1140.5556017385743,BAJFINANCE,0.01403993344729293,1.0
2026-01-30,1134.2354660757546,BAJFINANCE,-0.005541277999236316,-1.0
2026-02-02,1160.0673080978513,BAJFINANCE,0.02277467315624504,1.0
2026-02-03,1172.520979443244,BAJFINANCE,0.010735300666142145,1.0
2026-02-04,1175.0899562214252,BAJFINANCE,0.0021909857676074562,1.0
2026-02-05,1194.8504050046529,BAJFINANCE,0.016816115803396592,1.0
2026-02-06,1241.5899149011423,BAJFINANCE,0.03911745746640749,1.0
2026-02-09,1220.1925187844681,BAJFINANCE,-0.01723386752732914,-1.0
2026-02-10,1205.8479485361934,BAJFINANCE,-0.011755989343849249,-1.0
2026-02-11,1254.780751388551,BAJFINANCE,0.04057957963253833,1.0
2026-02-12,1263.1883127365722,BAJFINANCE,0.006700422634565717,1.0
2026-02-13,1267.183834439941,BAJFINANCE,0.0031630451794735226,1.0
2026-02-16,1265.3707653918852,BAJFINANCE,-0.001430786124932748,-1.0
2026-02-17,1288.687170433648,BAJFINANCE,0.018426540014571557,1.0
2026-02-18,1339.5499901701762,BAJFINANCE,0.03946870963215443,1.0
2026-02-19,1326.5860556192172,BAJFINANCE,-0.009677828111000264,-1.0
2026-02-20,1325.0563017048523,BAJFINANCE,-0.0011531509078397395,-1.0
2026-02-23,1318.4828207170483,BAJFINANCE,-0.004960906928518027,-1.0
2026-02-24,1333.3724137908846,BAJFINANCE,0.011292974652289178,1.0
2026-02-25,1358.2210108434563,BAJFINANCE,0.018635901564758806,1.0
2026-02-26,1391.652251639776,BAJFINANCE,0.02461399177999679,1.0
2026-02-27,1408.0748256809966,BAJFINANCE,0.011800774239304257,1.0
2026-03-02,1461.7083843416426,BAJFINANCE,0.03808999186865436,1.0
2026-03-03,1449.5450780397503,BAJFINANCE,-0.008321294748111274,-1.0
2026-03-04,1431.8343793101112,BAJFINANCE,-0.012218108286490503,-1.0
2026-03-05,1463.8217947371033,BAJFINANCE,0.02234016439974318,1.0
2026-03-06,1466.9580106733729,BAJFINANCE,0.0021424847939450764,1.0
2026-03-09,1437.1213978819364,BAJFINANCE,-0.02033910485122925,-1.0
2026-03-10,1430.739221407026,BAJFINANCE,-0.004440944574561789,-1.0
2026-03-11,1436.6551561290846,BAJFINANCE,0.004134879811459102,1.0
2026-03-12,1423.159614728989,BAJFINANCE,-0.009393723568610457,-1.0
2026-03-13,1401.926200925515,BAJFINANCE,-0.014919910306418704,-1.0
2026-03-16,1397.9805678872253,BAJFINANCE,-0.0028144370478880854,-1.0
2026-03-17,1376.0770065246084,BAJFINANCE,-0.015668001305425783,-1.0
2026-03-18,1389.5996679096274,BAJFINANCE,0.009826965584703418,1.0
2026-03-19,1349.499889264149,BAJFINANCE,-0.02885707270339266,-1.0
2026-03-20,1351.735165685069,BAJFINANCE,0.0016563739194812577,1.0
2026-03-23,1362.674283004931,BAJFINANCE,0.008092648321624596,1.0
2026-03-24,1361.2324120054852,BAJFINANCE,-0.0010581185962256212,-1.0
2026-03-25,1383.962738344678,BAJFINANCE,0.016698343456063025,1.0
2026-03-26,1355.9258419848081,BAJFINANCE,-0.020258418513061982,-1.0
2026-03-27,1342.0732391505016,BAJFINANCE,-0.010216342520641852,-1.0
2026-03-30,1335.8319011213596,BAJFINANCE,-0.004650519693763289,-1.0
2026-03-31,1350.5138539396448,BAJFINANCE,0.010990868541139509,1.0
2026-04-01,1355.3454709280197,BAJFINANCE,0.0035776137906917693,1.0
2026-04-02,1399.3270952280648,BAJFINANCE,0.03245048974113618,1.0
2026-04-03,1382.83352277781,BAJFINANCE,-0.011786788454608343,-1.0
2026-04-06,1354.31281164174,BAJFINANCE,-0.020624833478709914,-1.0
2026-04-07,1391.0638974465326,BAJFINANCE,0.027136334743995905,1.0
2026-04-08,1361.6249808388693,BAJFINANCE,-0.021162878758985815,-1.0
2026-04-09,1375.984597102928,BAJFINANCE,0.010545940670985798,1.0
2026-04-10,1356.1978689300345,BAJFINANCE,-0.014380050630329433,-1.0
2026-04-13,1314.5086512273517,BAJFINANCE,-0.03073977526271532,-1.0
2026-04-14,1307.5131557331106,BAJFINANCE,-0.005321756907198383,-1.0
2026-04-15,1325.5470301976354,BAJFINANCE,0.013792499437157435,1.0
2026-01-15,981.9734336729039,WIPRO,,
2026-01-16,990.7536714777644,WIPRO,0.008941420922172538,1.0
2026-01-19,1002.3880456904391,WIPRO,0.011742953417796853,1.0
2026-01-20,983.5678571689261,WIPRO,-0.01877535212278958,-1.0
2026-01-21,980.502647285804,WIPRO,-0.003116419330685516,-1.0
2026-01-22,1003.9916886538833,WIPRO,0.023956122334907404,1.0
2026-01-23,1014.090729907627,WIPRO,0.01005888929945642,1.0
2026-01-26,1010.4173008625908,WIPRO,-0.0036223869686401455,-1.0
2026-01-27,1017.0147521412847,WIPRO,0.006529432218808751,1.0
2026-01-28,1006.8660131596931,WIPRO,-0.00997894962705681,-1.0
2026-01-29,1023.9882078771716,WIPRO,0.017005435175775352,1.0
2026-01-30,1041.3948820163323,WIPRO,0.016998900969032116,1.0
2026-02-02,1043.5959624985792,WIPRO,0.0021135887262910824,1.0
2026-02-03,1047.5205014883709,WIPRO,0.0037605923468653213,1.0
2026-02-04,1032.1408545879528,WIPRO,-0.014681953125085245,-1.0
2026-02-05,1011.5181163453118,WIPRO,-0.01998054640601743,-1.0
2026-02-06,1006.1074339622387,WIPRO,-0.005349071159122976,-1.0
2026-02-09,1005.0902335445078,WIPRO,-0.0010110256453677025,-1.0
2026-02-10,1021.4123084073788,WIPRO,0.016239412460819835,1.0
2026-02-11,1035.8514179713723,WIPRO,0.014136416259274753,1.0
2026-02-12,1039.0340645391811,WIPRO,0.003072493325386283,1.0
2026-02-13,1057.900933157421,WIPRO,0.018158084765591775,1.0
2026-02-16,1043.246579802535,WIPRO,-0.013852292682215883,-1.0
2026-02-17,1060.4184741206998,WIPRO,0.016460053309175438,1.0
2026-02-18,1048.1638214953612,WIPRO,-0.01155643071524215,-1.0
2026-02-19,1067.9693149835953,WIPRO,0.018895417950963722,1.0
2026-02-20,1068.0759015555227,WIPRO,9.980302845047362e-05,1.0
2026-02-23,1036.3814966718478,WIPRO,-0.029674300148066157,-1.0
2026-02-24,1048.0432317378181,WIPRO,0.011252357460471707,1.0
2026-02-25,1061.084229017742,WIPRO,0.01244318639251163,1.0
2026-02-26,1054.1355058599188,WIPRO,-0.006548700817328834,-1.0
2026-02-27,1048.5813779595412,WIPRO,-0.005268893675910102,-1.0
2026-03-02,1046.386509231504,WIPRO,-0.002093179198269013,-1.0
2026-03-03,1016.483631909953,WIPRO,-0.028577277189393957,-1.0
2026-03-04,980.7329647715129,WIPRO,-0.03517092259642718,-1.0
2026-03-05,1000.1753922275378,WIPRO,0.0198243845719559,1.0
2026-03-06,988.11226180809,WIPRO,-0.012061015011158638,-1.0
2026-03-09,1015.9068337201056,WIPRO,0.028128961643645534,1.0
2026-03-10,1037.094614091012,WIPRO,0.020856027017083667,1.0
2026-03-11,1061.7856897701065,WIPRO,0.023807929714045883,1.0
2026-03-12,1051.7470536500057,WIPRO,-0.009454484287007459,-1.0
2026-03-13,1026.6881096244795,WIPRO,-0.023826017803958766,-1.0
2026-03-16,1010.2577789462422,WIPRO,-0.016003234598915173,-1.0
2026-03-17,1003.7953408641227,WIPRO,-0.006396820907293765,-1.0
2026-03-18,968.3629252368468,WIPRO,-0.035298445992759664,-1.0
2026-03-19,961.7476649486224,WIPRO,-0.006831385336862561,-1.0
2026-03-20,959.1267386676532,WIPRO,-0.002725170412666622,-1.0
2026-03-23,940.7917702151392,WIPRO,-0.019116314573800253,-1.0
2026-03-24,926.3908104842861,WIPRO,-0.01530727647368757,-1.0
2026-03-25,923.6033210850067,WIPRO,-0.003008977817712033,-1.0
2026-03-26,928.8164136704917,WIPRO,0.005644298224654509,1.0
2026-03-27,916.6838978589674,WIPRO,-0.013062340020003615,-1.0
2026-03-30,920.9774519479125,WIPRO,0.004683789143643979,1.0
2026-03-31,923.1442264996854,WIPRO,0.0023526901198178685,1.0
2026-04-01,924.070405918495,WIPRO,0.0010032878852759275,1.0
2026-04-02,915.3100226988195,WIPRO,-0.009480211857848642,-1.0
2026-04-03,897.2777800809297,WIPRO,-0.019700693940530867,-1.0
2026-04-06,920.3797934130425,WIPRO,0.025746779698511135,1.0
2026-04-07,929.357719788708,WIPRO,0.009754588746861304,1.0
2026-04-08,943.6567942417624,WIPRO,0.015385974795911084,1.0
2026-04-09,942.7561254755568,WIPRO,-0.0009544452725838148,-1.0
2026-04-10,940.7194124568307,WIPRO,-0.0021603816339020865,-1.0
2026-04-13,947.9252245790914,WIPRO,0.0076598952108808405,1.0
2026-04-14,922.1223916469388,WIPRO,-0.02722032525678364,-1.0
2026-04-15,906.9814628375294,WIPRO,-0.01641965204029716,-1.0
2026-01-15,988.3333768295745,AXISBANK,,
2026-01-16,981.8909293318627,AXISBANK,-0.0065184963381265115,-1.0
2026-01-19,969.2290184869997,AXISBANK,-0.012895435192052274,-1.0
2026-01-20,974.3582820428298,AXISBANK,0.005292106878761249,1.0
2026-01-21,975.8409713391679,AXISBANK,0.0015217085169425548,1.0
2026-01-22,996.5219401074348,AXISBANK,0.021192970346270545,1.0
2026-01-23,1033.7982258085322,AXISBANK,0.03740638735668833,1.0
2026-01-26,1014.5253802103649,AXISBANK,-0.018642753602226336,-1.0
2026-01-27,1017.0714109975524,AXISBANK,0.002509578209526575,1.0
2026-01-28,1019.5966855751213,AXISBANK,0.0024828881731049357,1.0
2026-01-29,1019.6854200076895,AXISBANK,8.70289535299662e-05,1.0
2026-01-30,1003.3986286594976,AXISBANK,-0.015972368564482364,-1.0
2026-02-02,989.8949283605795,AXISBANK,-0.013457961684638309,-1.0
2026-02-03,993.7615412788654,AXISBANK,0.00390608417874172,1.0
2026-02-04,979.9678815527807,AXISBANK,-0.013880251099608554,-1.0
2026-02-05,982.6030931745752,AXISBANK,0.002689079582505194,1.0
2026-02-06,979.2728088166256,AXISBANK,-0.0033892467681840843,-1.0
2026-02-09,981.6474166494804,AXISBANK,0.0024248685468193365,1.0
2026-02-10,967.9048367130848,AXISBANK,-0.013999507056516536,-1.0
2026-02-11,970.4814367834358,AXISBANK,0.002662038635018016,1.0
2026-02-12,957.9483592802143,AXISBANK,-0.01291428875214884,-1.0
2026-02-13,960.5448152078449,AXISBANK,0.0027104341298538337,1.0
2026-02-16,980.1312286661836,AXISBANK,0.020390941836587295,1.0
2026-02-17,984.2622443584577,AXISBANK,0.00421475775024116,1.0
2026-02-18,989.3095960061181,AXISBANK,0.005128055735745818,1.0
2026-02-19,1001.7334426301061,AXISBANK,0.012558097762463305,1.0
2026-02-20,980.9440926777739,AXISBANK,-0.020753375167098964,-1.0
2026-02-23,1006.5308653583769,AXISBANK,0.026083823605845158,1.0
2026-02-24,990.8955659870677,AXISBANK,-0.015533849889185714,-1.0
2026-02-25,1004.2676173848336,AXISBANK,0.013494914960534121,1.0
2026-02-26,1015.8203603695914,AXISBANK,0.011503649808844552,1.0
2026-02-27,1002.3785221008459,AXISBANK,-0.013232495422571433,-1.0
2026-03-02,1017.8485225785807,AXISBANK,0.015433292051501457,1.0
2026-03-03,1025.7543469675725,AXISBANK,0.0077671914961996436,1.0
2026-03-04,1055.141880424235,AXISBANK,0.028649679666033823,1.0
2026-03-05,1058.5190532782276,AXISBANK,0.003200681270119521,1.0
2026-03-06,1057.1131812263666,AXISBANK,-0.0013281499728390322,-1.0
2026-03-09,1049.2678813787784,AXISBANK,-0.007421437918773033,-1.0
2026-03-10,1022.1439613622745,AXISBANK,-0.02585032907026763,-1.0
2026-03-11,1017.571488795942,AXISBANK,-0.004473413471267285,-1.0
2026-03-12,1013.6655651455444,AXISBANK,-0.003838475913883199,-1.0
2026-03-13,1017.9542551509346,AXISBANK,0.004230872738361535,1.0
2026-03-16,996.5298334188598,AXISBANK,-0.02104654666323702,-1.0
2026-03-17,993.2560503838985,AXISBANK,-0.0032851831678031296,-1.0
2026-03-18,1002.1395049240351,AXISBANK,0.008943770880331492,1.0
2026-03-19,1012.5944707520542,AXISBANK,0.01043264513238773,1.0
2026-03-20,984.6496706336186,AXISBANK,-0.027597227642059963,-1.0
2026-03-23,995.3785110529658,AXISBANK,0.010896099129798387,1.0
2026-03-24,991.9956089886712,AXISBANK,-0.0033986086968222917,-1.0
2026-03-25,989.5402579999621,AXISBANK,-0.002475163162478311,-1.0
2026-03-26,954.7403728403817,AXISBANK,-0.03516773054783762,-1.0
2026-03-27,976.4163852812961,AXISBANK,0.02270356743836821,1.0
2026-03-30,979.298750120248,AXISBANK,0.002951983275169434,1.0
2026-03-31,957.0961805219994,AXISBANK,-0.02267190639784067,-1.0
2026-04-01,962.7698692903317,AXISBANK,0.005928023623746892,1.0
2026-04-02,968.0335022031334,AXISBANK,0.00546717661270546,1.0
2026-04-03,986.0758677232195,AXISBANK,0.018638162293994842,1.0
2026-04-06,981.791041154997,AXISBANK,-0.0043453315393631176,-1.0
2026-04-07,982.2622429625382,AXISBANK,0.0004799410340787791,1.0
2026-04-08,973.0858341605945,AXISBANK,-0.009342117003568573,-1.0
2026-04-09,982.1055897983271,AXISBANK,0.009269229209891039,1.0
2026-04-10,970.8581678135856,AXISBANK,-0.011452355125125657,-1.0
2026-04-13,958.1449182046183,AXISBANK,-0.01309485775620356,-1.0
2026-04-14,957.4579636857205,AXISBANK,-0.0007169630666987725,-1.0
2026-04-15,940.1395056213963,AXISBANK,-0.018087956569557417,-1.0
2026-01-15,1024.3319682780884,LT,,
2026-01-16,1054.2516816779423,LT,0.029209000916128103,1.0
2026-01-19,1047.3949855272197,LT,-0.006503851281327355,-1.0
2026-01-20,1025.924514170502,LT,-0.02049892509835738,-1.0
2026-01-21,1031.412061884517,LT,0.005348880583530891,1.0
2026-01-22,1024.2627902216118,LT,-0.006931537769533813,-1.0
2026-01-23,1042.6178016750357,LT,0.017920216987920234,1.0
2026-01-26,1030.6201912201277,LT,-0.011507198932948381,-1.0
2026-01-27,1039.34717209881,LT,0.008467698336426466,1.0
2026-01-28,1041.4361599720146,LT,0.0020099038408756265,1.0
2026-01-29,1031.1843429587545,LT,-0.009843922659201199,-1.0
2026-01-30,1035.2067326317044,LT,0.0039007474273791143,1.0
2026-02-02,1049.1592369420339,LT,0.013477988377122774,1.0
2026-02-03,1050.8407536028421,LT,0.0016027277858310374,1.0
2026-02-04,1052.6894661911522,LT,0.0017592699768937958,1.0
2026-02-05,1039.223724219493,LT,-0.012791751417805086,-1.0
2026-02-06,1057.371762906975,LT,0.017463071968561783,1.0
2026-02-09,1074.2560852873928,LT,0.015968198672147826,1.0
2026-02-10,1067.962676510722,LT,-0.005858387830297573,-1.0
2026-02-11,1066.2920337759424,LT,-0.0015643268922450604,-1.0
2026-02-12,1089.2315049454396,LT,0.021513310090355064,1.0
2026-02-13,1071.037458626347,LT,-0.016703562315711795,-1.0
2026-02-16,1081.0670024083095,LT,0.009364325870381718,1.0
2026-02-17,1072.3328387506892,LT,-0.008079206596966704,-1.0
2026-02-18,1101.2549080587678,LT,0.02697116815127476,1.0
2026-02-19,1102.63334985133,LT,0.0012517009299799486,1.0
2026-02-20,1123.8101706693465,LT,0.019205677772100582,1.0
2026-02-23,1111.313502459407,LT,-0.011119910226917162,-1.0
2026-02-24,1090.8342947670226,LT,-0.018427930234864,-1.0
2026-02-25,1087.3284713086255,LT,-0.003213891858016682,-1.0
2026-02-26,1091.9390178915291,LT,0.004240251869202627,1.0
2026-02-27,1083.9012818278904,LT,-0.007360975230246036,-1.0
2026-03-02,1096.5554080828244,LT,0.011674611394124401,1.0
2026-03-03,1093.430988901817,LT,-0.0028493035171565095,-1.0
2026-03-04,1059.620399786576,LT,-0.030921557426498936,-1.0
2026-03-05,1068.7248486625012,LT,0.00859217968789494,1.0
2026-03-06,1054.8976268424585,LT,-0.012938055887207423,-1.0
2026-03-09,1049.492372833466,LT,-0.005123960725147869,-1.0
2026-03-10,1074.2572108271795,LT,0.023596968053090528,1.0
2026-03-11,1103.1463246615683,LT,0.02689217586181636,1.0
2026-03-12,1093.9544665421245,LT,-0.00833240152639203,-1.0
2026-03-13,1103.7637368614073,LT,0.008966799459477537,1.0
2026-03-16,1094.9511576526338,LT,-0.007984117356339637,-1.0
2026-03-17,1090.5679644947654,LT,-0.004003094683478925,-1.0
2026-03-18,1080.9855459666105,LT,-0.008786631223478336,-1.0
2026-03-19,1053.3499827085884,LT,-0.025565155205947376,-1.0
2026-03-20,1055.167883977545,LT,0.0017258283560057652,1.0
2026-03-23,1060.0453772664316,LT,0.004622480804192586,1.0
2026-03-24,1049.6940064057899,LT,-0.009765026179667013,-1.0
2026-03-25,1067.1366412034129,LT,0.01661687567155634,1.0
2026-03-26,1060.4764245232802,LT,-0.006241203256428185,-1.0
2026-03-27,1050.6583456852804,LT,-0.009258177372885368,-1.0
2026-03-30,1059.27116661503,LT,0.008197546771621544,1.0
2026-03-31,1035.0771696965019,LT,-0.02284022984958778,-1.0
2026-04-01,1049.4649343367823,LT,0.01390018547554206,1.0
2026-04-02,1043.448837391726,LT,-0.005732537360915391,-1.0
2026-04-03,1059.245913136862,LT,0.015139291145911393,1.0
2026-04-06,1080.0303918368736,LT,0.019621957887437258,1.0
2026-04-07,1090.7251785521955,LT,0.009902301635357436,1.0
2026-04-08,1077.7678003854005,LT,-0.011879599390924866,-1.0
2026-04-09,1057.869538671266,LT,-0.018462475597266104,-1.0
2026-04-10,1035.4309727311147,LT,-0.021211089950028295,-1.0
2026-04-13,1052.8714205334063,LT,0.016843660525519777,1.0
2026-04-14,1051.058374175262,LT,-0.0017220016830029605,-1.0
2026-04-15,1041.926435410565,LT,-0.008688326917962619,-1.0
2026-01-15,998.3187677269167,TATAMOTORS,,
2026-01-16,1014.8003298627752,TATAMOTORS,0.016509318134312556,1.0
2026-01-19,1026.958750827636,TATAMOTORS,0.011981096780393274,1.0
2026-01-20,1034.0217544613392,TATAMOTORS,0.006877592335632787,1.0
2026-01-21,1044.2257818913747,TATAMOTORS,0.009868290861396067,1.0
2026-01-22,1047.3611589078523,TATAMOTORS,0.003002585332454233,1.0
2026-01-23,1052.4216894826923,TATAMOTORS,0.004831695859446317,1.0
2026-01-26,1056.2265921973315,TATAMOTORS,0.003615378467265673,1.0
2026-01-27,1056.5424898360836,TATAMOTORS,0.00029908131558675777,1.0
2026-01-28,1068.799025368043,TATAMOTORS,0.011600608257469114,1.0
2026-01-29,1074.911734520502,TATAMOTORS,0.0057192315930061355,1.0
2026-01-30,1061.0338442152763,TATAMOTORS,-0.012910725466604323,-1.0
2026-02-02,1069.7694587042122,TATAMOTORS,0.008233115782839695,1.0
2026-02-03,1074.0578499473252,TATAMOTORS,0.004008705995689477,1.0
2026-02-04,1084.2304688400861,TATAMOTORS,0.009471202033726422,1.0
2026-02-05,1082.86097331866,TATAMOTORS,-0.0012631037042256654,-1.0
2026-02-06,1096.3708602043741,TATAMOTORS,0.012476104706507396,1.0
2026-02-09,1095.68987327638,TATAMOTORS,-0.0006211282629923209,-1.0
2026-02-10,1107.9157948695433,TATAMOTORS,0.011158195299008078,1.0
2026-02-11,1100.6621895715598,TATAMOTORS,-0.006547072739257809,-1.0
2026-02-12,1094.5988498018562,TATAMOTORS,-0.005508810811484133,-1.0
2026-02-13,1104.8123194481884,TATAMOTORS,0.009330787848151889,1.0
2026-02-16,1099.645553153908,TATAMOTORS,-0.004676600906171169,-1.0
2026-02-17,1136.359133792409,TATAMOTORS,0.03338674042122247,1.0
2026-02-18,1146.355315550306,TATAMOTORS,0.008796674801685667,1.0
2026-02-19,1147.1277897074947,TATAMOTORS,0.000673852292313093,1.0
2026-02-20,1161.5798925317495,TATAMOTORS,0.012598511651382704,1.0
2026-02-23,1153.5531360150694,TATAMOTORS,-0.0069102061496477685,-1.0
2026-02-24,1169.8704015455935,TATAMOTORS,0.014145222288495463,1.0
2026-02-25,1185.931000401996,TATAMOTORS,0.013728528249953076,1.0
2026-02-26,1208.5858531898236,TATAMOTORS,0.019103010866693193,1.0
2026-02-27,1200.9570864926936,TATAMOTORS,-0.006312142970228751,-1.0
2026-03-02,1179.2906211219365,TATAMOTORS,-0.01804099881206611,-1.0
2026-03-03,1168.851163656589,TATAMOTORS,-0.008852319588038227,-1.0
2026-03-04,1164.2640566609468,TATAMOTORS,-0.003924457739591158,-1.0
2026-03-05,1193.7294540037428,TATAMOTORS,0.025308174012776297,1.0
2026-03-06,1233.3913305058786,TATAMOTORS,0.033225180436916135,1.0
2026-03-09,1240.1379003825314,TATAMOTORS,0.005469934569659829,1.0
2026-03-10,1240.6846264863186,TATAMOTORS,0.0004408591202789136,1.0
2026-03-11,1234.5449528849167,TATAMOTORS,-0.004948617457112947,-1.0
2026-03-12,1250.187076013968,TATAMOTORS,0.012670355253163068,1.0
2026-03-13,1291.604174702859,TATAMOTORS,0.03312872087987273,1.0
2026-03-16,1326.5908429521037,TATAMOTORS,0.027087763367824147,1.0
2026-03-17,1349.6332605116377,TATAMOTORS,0.017369649189087566,1.0
2026-03-18,1372.7788473539138,TATAMOTORS,0.01714953796670793,1.0
2026-03-19,1390.3293421025178,TATAMOTORS,0.012784648293811651,1.0
2026-03-20,1389.7601973201151,TATAMOTORS,-0.0004093596856281634,-1.0
2026-03-23,1374.8227443329,TATAMOTORS,-0.010748223338111984,-1.0
2026-03-24,1374.8059559050403,TATAMOTORS,-1.2211339919132591e-05,-1.0
2026-03-25,1383.927922698183,TATAMOTORS,0.006635094031970379,1.0
2026-03-26,1354.1672329477394,TATAMOTORS,-0.021504508480774454,-1.0
2026-03-27,1351.466670128176,TATAMOTORS,-0.0019942609404931533,-1.0
2026-03-30,1335.1288093940557,TATAMOTORS,-0.012088985318869039,-1.0
2026-03-31,1355.8334761712476,TATAMOTORS,0.015507617416022024,1.0
2026-04-01,1345.060530407449,TATAMOTORS,-0.007945626032350495,-1.0
2026-04-02,1352.086191773944,TATAMOTORS,0.005223304979714571,1.0
2026-04-03,1338.29450105088,TATAMOTORS,-0.010200304394033632,-1.0
2026-04-06,1370.768872735188,TATAMOTORS,0.024265489889413683,1.0
2026-04-07,1336.2099333666577,TATAMOTORS,-0.025211354048018775,-1.0
2026-04-08,1346.1481359202055,TATAMOTORS,0.007437605652659718,1.0
2026-04-09,1320.7613099190785,TATAMOTORS,-0.01885886502659906,-1.0
2026-04-10,1311.0669354324702,TATAMOTORS,-0.007339989757272791,-1.0
2026-04-13,1315.5151240589985,TATAMOTORS,0.0033928005552674723,1.0
2026-04-14,1320.9486691471977,TATAMOTORS,0.004130355469752489,1.0
2026-04-15,1325.8876996773104,TATAMOTORS,0.0037390026164312307,1.0
2026-01-15,1002.5762371146325,SUNPHARMA,,
2026-01-16,993.2245429125264,SUNPHARMA,-0.009327663928101693,-1.0
2026-01-19,991.0783834728276,SUNPHARMA,-0.0021607998463323286,-1.0
2026-01-20,991.8459838321297,SUNPHARMA,0.0007745102426837125,1.0
2026-01-21,995.0500490011566,SUNPHARMA,0.0032304059513832417,1.0
2026-01-22,994.3682336505817,SUNPHARMA,-0.0006852070921048448,-1.0
2026-01-23,1005.5487671937174,SUNPHARMA,0.011243856314766765,1.0
2026-01-26,1007.259009114484,SUNPHARMA,0.001700804552264179,1.0
2026-01-27,1010.6029977370519,SUNPHARMA,0.00331988951432427,1.0
2026-01-28,1005.1055344819517,SUNPHARMA,-0.005439785224672811,-1.0
2026-01-29,989.5398380648812,SUNPHARMA,-0.01548662889921637,-1.0
2026-01-30,992.1229664639155,SUNPHARMA,0.0026104339609871463,1.0
2026-02-02,1010.3896276185791,SUNPHARMA,0.018411690659444035,1.0
2026-02-03,1017.4198362613452,SUNPHARMA,0.0069579184609562805,1.0
2026-02-04,1005.2490439349926,SUNPHARMA,-0.011962409118221884,-1.0
2026-02-05,1017.835868128319,SUNPHARMA,0.01252110038727916,1.0
2026-02-06,1013.0248063144173,SUNPHARMA,-0.004726756016909306,-1.0
2026-02-09,1024.1881469086798,SUNPHARMA,0.011019809707204287,1.0
2026-02-10,1018.8296580509186,SUNPHARMA,-0.005231937973442458,-1.0
2026-02-11,1024.5346931374816,SUNPHARMA,0.005599596597410494,1.0
2026-02-12,1016.8737759003573,SUNPHARMA,-0.0074774600493653365,-1.0
2026-02-13,1009.658255726084,SUNPHARMA,-0.00709578744705508,-1.0
2026-02-16,986.240261824611,SUNPHARMA,-0.023193980506436063,-1.0
2026-02-17,994.1115659590077,SUNPHARMA,0.00798112228741732,1.0
2026-02-18,999.9296481589212,SUNPHARMA,0.005852544522304992,1.0
2026-02-19,1006.6258177818299,SUNPHARMA,0.006696640743914184,1.0
2026-02-20,1011.0851282960591,SUNPHARMA,0.004429958416977131,1.0
2026-02-23,999.8279587435023,SUNPHARMA,-0.01113375049984966,-1.0
2026-02-24,1014.6139034806824,SUNPHARMA,0.014788488967403701,1.0
2026-02-25,1030.027602866148,SUNPHARMA,0.015191689501383943,1.0
2026-02-26,1018.1580159459238,SUNPHARMA,-0.01152356197755866,-1.0
2026-02-27,1026.5902579597591,SUNPHARMA,0.00828185987024943,1.0
2026-03-02,1040.3720964376384,SUNPHARMA,0.013424867780519545,1.0
2026-03-03,1033.3480511740147,SUNPHARMA,-0.006751474100156085,-1.0
2026-03-04,1029.0694370509877,SUNPHARMA,-0.004140535338665319,-1.0
2026-03-05,1037.6227546467517,SUNPHARMA,0.008311701123177029,1.0
2026-03-06,1014.4267534366758,SUNPHARMA,-0.022354946541214504,-1.0
2026-03-09,998.1677665961971,SUNPHARMA,-0.016027758323009955,-1.0
2026-03-10,983.6477942906075,SUNPHARMA,-0.014546625118043499,-1.0
2026-03-11,957.4387491772641,SUNPHARMA,-0.02664474547238227,-1.0
2026-03-12,973.3074315069782,SUNPHARMA,0.016574096612812284,1.0
2026-03-13,944.5734716929073,SUNPHARMA,-0.029521977212874972,-1.0
2026-03-16,949.7182421923984,SUNPHARMA,0.005446659951470423,1.0
2026-03-17,961.5662155683116,SUNPHARMA,0.012475250921328396,1.0
2026-03-18,957.6200061711121,SUNPHARMA,-0.004103939316199012,-1.0
2026-03-19,948.3066590391678,SUNPHARMA,-0.009725514370968691,-1.0
2026-03-20,951.903241734988,SUNPHARMA,0.0037926367610496836,1.0
2026-03-23,952.2149852956283,SUNPHARMA,0.00032749500891715577,1.0
2026-03-24,966.833935308366,SUNPHARMA,0.015352572936246256,1.0
2026-03-25,929.0038339157757,SUNPHARMA,-0.039127817105969354,-1.0
2026-03-26,916.4802935521199,SUNPHARMA,-0.01348061214222196,-1.0
2026-03-27,924.4753498515377,SUNPHARMA,0.008723653258740915,1.0
2026-03-30,925.4522537161137,SUNPHARMA,0.0010567116416169142,1.0
2026-03-31,936.1694650047322,SUNPHARMA,0.011580512387953101,1.0
2026-04-01,940.1297423588862,SUNPHARMA,0.0042302996435950035,1.0
2026-04-02,938.5117264733251,SUNPHARMA,-0.0017210559486198207,-1.0
2026-04-03,934.5377612619578,SUNPHARMA,-0.004234326646402553,-1.0
2026-04-06,967.4108982305453,SUNPHARMA,0.035175825238133784,1.0
2026-04-07,989.9749778054613,SUNPHARMA,0.023324194110472707,1.0
2026-04-08,997.6300350261424,SUNPHARMA,0.007732576471428221,1.0
2026-04-09,999.1034930881888,SUNPHARMA,0.001476958401726236,1.0
2026-04-10,1007.4679757831673,SUNPHARMA,0.008371988240301498,1.0
2026-04-13,1020.265358668742,SUNPHARMA,0.012702520768093528,1.0
2026-04-14,1026.981153656998,SUNPHARMA,0.006582400285567669,1.0
2026-04-15,1015.7144496138379,SUNPHARMA,-0.010970701850798514,-1.0
2026-01-15,1027.0676615158675,HCLTECH,,
2026-01-16,1031.1688694452014,HCLTECH,0.003993123416310196,1.0
2026-01-19,1062.628749394717,HCLTECH,0.03050895045584734,1.0
2026-01-20,1065.9305625185277,HCLTECH,0.003107212303159912,1.0
2026-01-21,1062.3226004500475,HCLTECH,-0.003384800281882816,-1.0
2026-01-22,1084.6973472696468,HCLTECH,0.021062101860696902,1.0
2026-01-23,1089.9232068907152,HCLTECH,0.004817804371166412,1.0
2026-01-26,1092.4314902379251,HCLTECH,0.0023013395176394447,1.0
2026-01-27,1073.0894848150203,HCLTECH,-0.01770546308463905,-1.0
2026-01-28,1084.0385034261483,HCLTECH,0.010203267077037337,1.0
2026-01-29,1076.3422032382148,HCLTECH,-0.007099655744338462,-1.0
2026-01-30,1069.4354572507054,HCLTECH,-0.006416868136109644,-1.0
2026-02-02,1061.8871329560354,HCLTECH,-0.007058232681077525,-1.0
2026-02-03,1069.1987647958515,HCLTECH,0.00688550752042949,1.0
2026-02-04,1044.8951881972305,HCLTECH,-0.022730644103635345,-1.0
2026-02-05,1041.9039874926696,HCLTECH,-0.002862680140887308,-1.0
2026-02-06,1057.5369075342996,HCLTECH,0.01500418486664068,1.0
2026-02-09,1038.0940565481565,HCLTECH,-0.018385033040099863,-1.0
2026-02-10,1041.097454092847,HCLTECH,0.002893184414018757,1.0
2026-02-11,1031.54955839468,HCLTECH,-0.009170991304062515,-1.0
2026-02-12,1025.612581375522,HCLTECH,-0.005755396791984668,-1.0
2026-02-13,1051.3834398851552,HCLTECH,0.02512728390584873,1.0
2026-02-16,1025.669399987789,HCLTECH,-0.024457337753175157,-1.0
2026-02-17,1037.7563549512593,HCLTECH,0.011784455072574307,1.0
2026-02-18,1030.6280853857286,HCLTECH,-0.0068689240316581746,-1.0
2026-02-19,1022.779893970279,HCLTECH,-0.007614959777185071,-1.0
2026-02-20,1006.0334737165974,HCLTECH,-0.016373435137324033,-1.0
2026-02-23,1017.7120078225137,HCLTECH,0.01160849455910462,1.0
2026-02-24,1015.095399779687,HCLTECH,-0.0025710692442600935,-1.0
2026-02-25,1010.562956990716,HCLTECH,-0.0044650412069198175,-1.0
2026-02-26,1012.531082857262,HCLTECH,0.0019475539380613416,1.0
2026-02-27,1010.2485270647592,HCLTECH,-0.0022543068861271554,-1.0
2026-03-02,980.2337218683189,HCLTECH,-0.029710318196302876,-1.0
2026-03-03,973.3109557499364,HCLTECH,-0.007062362744660211,-1.0
2026-03-04,986.6760854774587,HCLTECH,0.013731613364224904,1.0
2026-03-05,964.6739517762087,HCLTECH,-0.022299246961684616,-1.0
2026-03-06,949.1918334460653,HCLTECH,-0.016049068497845265,-1.0
2026-03-09,943.3999873896391,HCLTECH,-0.006101870930977915,-1.0
2026-03-10,933.4147105259775,HCLTECH,-0.010584351279557036,-1.0
2026-03-11,933.304304150519,HCLTECH,-0.00011828223212417832,-1.0
2026-03-12,918.2816968851346,HCLTECH,-0.01609615127518116,-1.0
2026-03-13,913.2147857401765,HCLTECH,-0.005517817857140561,-1.0
2026-03-16,912.8313104375308,HCLTECH,-0.00041991797398999164,-1.0
2026-03-17,921.9907567885069,HCLTECH,0.010034106243119512,1.0
2026-03-18,939.4826186375275,HCLTECH,0.018971840791493833,1.0
2026-03-19,936.0786783481274,HCLTECH,-0.0036232073078016347,-1.0
2026-03-20,962.8700959806373,HCLTECH,0.0286209036186873,1.0
2026-03-23,960.5028136926288,HCLTECH,-0.002458568708167741,-1.0
2026-03-24,972.733018218241,HCLTECH,0.012733127223848006,1.0
2026-03-25,1001.2074583513961,HCLTECH,0.029272616020901365,1.0
2026-03-26,1003.5999698639728,HCLTECH,0.0023896261385389916,1.0
2026-03-27,983.2239807145934,HCLTECH,-0.020302899323662915,-1.0
2026-03-30,984.8596306939978,HCLTECH,0.0016635578581145616,1.0
2026-03-31,976.1193527482945,HCLTECH,-0.008874643323073639,-1.0
2026-04-01,972.3940123659927,HCLTECH,-0.0038164804045868195,-1.0
2026-04-02,1001.6384250980515,HCLTECH,0.030074653237428306,1.0
2026-04-03,983.567414182999,HCLTECH,-0.018041451348358106,-1.0
2026-04-06,988.2954250392012,HCLTECH,0.004807002334587862,1.0
2026-04-07,975.5801947796903,HCLTECH,-0.012865819204825879,-1.0
2026-04-08,971.3706939250895,HCLTECH,-0.004314869118013709,-1.0
2026-04-09,982.5148753734525,HCLTECH,0.011472635028067169,1.0
2026-04-10,987.4986419451105,HCLTECH,0.005072459152095421,1.0
2026-04-13,984.4616056377931,HCLTECH,-0.0030754840344238144,-1.0
2026-04-14,975.1613920461748,HCLTECH,-0.009447004878969434,-1.0
2026-04-15,980.0773492116282,HCLTECH,0.005041172882304323,1.0
2026-01-15,1025.9153007573004,MARUTI,,
2026-01-16,1012.3524141079542,MARUTI,-0.013220279139354307,-1.0
2026-01-19,1041.6852830732792,MARUTI,0.02897495828186658,1.0
2026-01-20,1060.740271280766,MARUTI,0.01829246176087751,1.0
2026-01-21,1082.8464173012053,MARUTI,0.020840300513666588,1.0
2026-01-22,1088.1810447064352,MARUTI,0.00492648571394394,1.0
2026-01-23,1107.6235173588648,MARUTI,0.01786694663264865,1.0
2026-01-26,1091.194725611728,MARUTI,-0.014832469236759516,-1.0
2026-01-27,1080.5875941985914,MARUTI,-0.00972065861772764,-1.0
2026-01-28,1093.3247040786753,MARUTI,0.011787207208805883,1.0
2026-01-29,1098.5045221017347,MARUTI,0.004737675828357268,1.0
2026-01-30,1096.3891441616765,MARUTI,-0.0019256888774666914,-1.0
2026-02-02,1055.5605626087581,MARUTI,-0.03723913335911111,-1.0
2026-02-03,1048.9821923103104,MARUTI,-0.0062321107205726145,-1.0
2026-02-04,1030.8234643427913,MARUTI,-0.017310806704473936,-1.0
2026-02-05,1038.7639126104666,MARUTI,0.007703014669672603,1.0
2026-02-06,1036.0968572537124,MARUTI,-0.0025675279285085617,-1.0
2026-02-09,1026.6429830225627,MARUTI,-0.009124508162497658,-1.0
2026-02-10,1067.6508584436149,MARUTI,0.03994365723936477,1.0
2026-02-11,1084.5972717700008,MARUTI,0.015872617150413548,1.0
2026-02-12,1102.1005916093227,MARUTI,0.016138082120340735,1.0
2026-02-13,1138.837160993884,MARUTI,0.03333322717023268,1.0
2026-02-16,1152.8822993276342,MARUTI,0.012332876740246856,1.0
2026-02-17,1139.8958755506785,MARUTI,-0.011264310142092948,-1.0
2026-02-18,1125.056203475195,MARUTI,-0.013018445275376211,-1.0
2026-02-19,1141.6772678535392,MARUTI,0.014773541381313482,1.0
2026-02-20,1106.7530015187522,MARUTI,-0.0305903141966275,-1.0
2026-02-23,1105.7937848180547,MARUTI,-0.000866694465143647,-1.0
2026-02-24,1070.113285311967,MARUTI,-0.03226686566334658,-1.0
2026-02-25,1072.0209255699776,MARUTI,0.0017826526258426512,1.0
2026-02-26,1086.0762495576987,MARUTI,0.013111053760679114,1.0
2026-02-27,1090.9540710709232,MARUTI,0.004491233019054519,1.0
2026-03-02,1106.6328706564252,MARUTI,0.01437164038455907,1.0
2026-03-03,1139.5799916995052,MARUTI,0.029772404124898788,1.0
2026-03-04,1137.468262729861,MARUTI,-0.001853076558930189,-1.0
2026-03-05,1185.7137080908053,MARUTI,0.04241476174918324,1.0
2026-03-06,1189.8519074381827,MARUTI,0.0034900493425522594,1.0
2026-03-09,1207.1493509151514,MARUTI,0.014537475940355593,1.0
2026-03-10,1196.4468363315907,MARUTI,-0.00886594071847624,-1.0
2026-03-11,1225.86711670184,MARUTI,0.024589709694460282,1.0
2026-03-12,1245.3898509997462,MARUTI,0.015925652978139748,1.0
2026-03-13,1273.251425731924,MARUTI,0.022371769538519715,1.0
2026-03-16,1274.6743686506295,MARUTI,0.0011175663266094205,1.0
2026-03-17,1251.053042092127,MARUTI,-0.018531263465749293,-1.0
2026-03-18,1260.0680822659767,MARUTI,0.007205961594381138,1.0
2026-03-19,1228.3706951645274,MARUTI,-0.025155297199852877,-1.0
2026-03-20,1222.5447945335836,MARUTI,-0.004742787054329289,-1.0
2026-03-23,1226.415623869073,MARUTI,0.003166206549483741,1.0
2026-03-24,1270.5155237628785,MARUTI,0.035958364387661756,1.0
2026-03-25,1276.9674927681876,MARUTI,0.005078229179129146,1.0
2026-03-26,1280.023355196651,MARUTI,0.0023930620362455635,1.0
2026-03-27,1279.1971175797123,MARUTI,-0.0006454863605295236,-1.0
2026-03-30,1253.8288944614058,MARUTI,-0.019831363571475302,-1.0
2026-03-31,1255.8192069012402,MARUTI,0.001587387600195278,1.0
2026-04-01,1258.13398327456,MARUTI,0.0018432401420516165,1.0
2026-04-02,1240.231834500261,MARUTI,-0.014229127431805821,-1.0
2026-04-03,1218.5263086935968,MARUTI,-0.017501184216425325,-1.0
2026-04-06,1210.0897683894846,MARUTI,-0.006923560241515969,-1.0
2026-04-07,1211.6314163150294,MARUTI,0.00127399467859024,1.0
2026-04-08,1203.6791004275026,MARUTI,-0.00656331272072197,-1.0
2026-04-09,1185.0664519191625,MARUTI,-0.015463131744772762,-1.0
2026-04-10,1190.5640744745594,MARUTI,0.004639083780064501,1.0
2026-04-13,1200.5445759236331,MARUTI,0.008383002362538416,1.0
2026-04-14,1203.089088899591,MARUTI,0.0021194656383334287,1.0
2026-04-15,1193.2902402216946,MARUTI,-0.008144740708153964,-1.0
2026-01-15,1009.2226153184838,ONGC,,
2026-01-16,1006.64096397527,ONGC,-0.002558059345904695,-1.0
2026-01-19,988.9882507233245,ONGC,-0.01753625561017713,-1.0
2026-01-20,1004.6574495781629,ONGC,0.015843665325020906,1.0
2026-01-21,1010.2861637886617,ONGC,0.005602620288997162,1.0
2026-01-22,1008.7814894580205,ONGC,-0.0014893545854360868,-1.0
2026-01-23,985.3113981567157,ONGC,-0.023265783072520918,-1.0
2026-01-26,974.598201730171,ONGC,-0.01087290418702802,-1.0
2026-01-27,1004.3999388911286,ONGC,0.030578485685743617,1.0
2026-01-28,981.9765787510977,ONGC,-0.022325130928210313,-1.0
2026-01-29,978.5688851393114,ONGC,-0.003470239194625413,-1.0
2026-01-30,978.6226707735391,ONGC,5.49635646958091e-05,1.0
2026-02-02,983.6206453483941,ONGC,0.005107151841173385,1.0
2026-02-03,961.826007910582,ONGC,-0.022157564037396216,-1.0
2026-02-04,964.6274645135119,ONGC,0.0029126438460689297,1.0
2026-02-05,940.5198981953694,ONGC,-0.02499158193707518,-1.0
2026-02-06,942.1765599870146,ONGC,0.0017614319429328784,1.0
2026-02-09,933.2391025488837,ONGC,-0.009485968785143739,-1.0
2026-02-10,921.3981284159028,ONGC,-0.012688039003767249,-1.0
2026-02-11,933.2125323679145,ONGC,0.012822257380013857,1.0
2026-02-12,930.1944356424553,ONGC,-0.0032340936504582363,-1.0
2026-02-13,937.083141295579,ONGC,0.007405662073613595,1.0
2026-02-16,944.4883505510735,ONGC,0.00790240367066719,1.0
2026-02-17,962.7635411971356,ONGC,0.019349302334326524,1.0
2026-02-18,945.6033727294661,ONGC,-0.017823866124315413,-1.0
2026-02-19,958.9224183923333,ONGC,0.014085234937796454,1.0
2026-02-20,959.4468763998354,ONGC,0.0005469243365707754,1.0
2026-02-23,954.2928537498711,ONGC,-0.0053718687055440695,-1.0
2026-02-24,938.1283182415219,ONGC,-0.016938757787854142,-1.0
2026-02-25,946.9456577089925,ONGC,0.009398862923142737,1.0
2026-02-26,934.1302938176572,ONGC,-0.013533367820008135,-1.0
2026-02-27,941.6660151943076,ONGC,0.008067098804657169,1.0
2026-03-02,969.1791058280996,ONGC,0.02921746159450689,1.0
2026-03-03,983.7164586354609,ONGC,0.014999655605389961,1.0
2026-03-04,1004.5432262744669,ONGC,0.021171514877259767,1.0
2026-03-05,994.0105185630434,ONGC,-0.010485071658375422,-1.0
2026-03-06,1005.6811917792747,ONGC,0.011740995691979839,1.0
2026-03-09,988.7221642408099,ONGC,-0.01686322432704601,-1.0
2026-03-10,985.5560350788802,ONGC,-0.0032022435386191983,-1.0
2026-03-11,1011.5935196452184,ONGC,0.026419080843286924,1.0
2026-03-12,1002.6736591462937,ONGC,-0.00881763309639727,-1.0
2026-03-13,1019.6893748210332,ONGC,0.016970342762596458,1.0
2026-03-16,1035.5299443666522,ONGC,0.015534700994995765,1.0
2026-03-17,1052.534504555708,ONGC,0.016421118753312536,1.0
2026-03-18,1032.846815448956,ONGC,-0.018705029641819193,-1.0
2026-03-19,1041.293451671891,ONGC,0.008178014490235253,1.0
2026-03-20,1039.159863788936,ONGC,-0.0020489784887529616,-1.0
2026-03-23,1056.4384454411424,ONGC,0.016627452862936876,1.0
2026-03-24,1030.5292862323963,ONGC,-0.024525005995902682,-1.0
2026-03-25,1036.5236878803214,ONGC,0.005816818335983909,1.0
2026-03-26,1040.3542938880723,ONGC,0.003695628042601262,1.0
2026-03-27,1009.6100027822071,ONGC,-0.029551751058733977,-1.0
2026-03-30,996.5039470603347,ONGC,-0.01298130534142461,-1.0
2026-03-31,969.4465896830706,ONGC,-0.02715228319675278,-1.0
2026-04-01,959.1749836047649,ONGC,-0.010595329528843567,-1.0
2026-04-02,967.3646654225336,ONGC,0.008538256269977174,1.0
2026-04-03,970.4897211429964,ONGC,0.00323048363472922,1.0
2026-04-06,973.2468836139918,ONGC,0.0028410012089032932,1.0
2026-04-07,958.3598835776609,ONGC,-0.015296221633970708,-1.0
2026-04-08,974.7543135817127,ONGC,0.017106757372657988,1.0
2026-04-09,974.7715714358433,ONGC,1.7704824579967138e-05,1.0
2026-04-10,975.5568056778384,ONGC,0.0008055571838625486,1.0
2026-04-13,989.6106707126704,ONGC,0.01440599353419203,1.0
2026-04-14,975.1918589596517,ONGC,-0.014570186215388081,-1.0
2026-04-15,978.8275853857767,ONGC,0.0037282165480787555,1.0
2026-01-15,1006.6519373740213,NESTLEIND,,
2026-01-16,998.7159744232905,NESTLEIND,-0.007883522254407693,-1.0
2026-01-19,1008.7886249654174,NESTLEIND,0.010085600711396747,1.0
2026-01-20,1016.311007961485,NESTLEIND,0.007456847559443425,1.0
2026-01-21,1015.0734961673201,NESTLEIND,-0.0012176506841612422,-1.0
2026-01-22,1013.365875225108,NESTLEIND,-0.001682263352022928,-1.0
2026-01-23,1021.6280649457879,NESTLEIND,0.008153214868069858,1.0
2026-01-26,1034.0174155083887,NESTLEIND,0.01212706560019794,1.0
2026-01-27,1035.3032148835289,NESTLEIND,0.0012434987610996373,1.0
2026-01-28,1053.0098420925617,NESTLEIND,0.01710284190610256,1.0
2026-01-29,1063.7272598408829,NESTLEIND,0.010177889436459031,1.0
2026-01-30,1035.5098101703286,NESTLEIND,-0.026526959245902204,-1.0
2026-02-02,1013.9986984246679,NESTLEIND,-0.02077345046313217,-1.0
2026-02-03,1032.2846726339917,NESTLEIND,0.018033528285324785,1.0
2026-02-04,1028.7732562172525,NESTLEIND,-0.0034015969720633255,-1.0
2026-02-05,1031.6153836312901,NESTLEIND,0.0027626373419620265,1.0
2026-02-06,1049.554512613016,NESTLEIND,0.017389357764887148,1.0
2026-02-09,1049.7684451349405,NESTLEIND,0.00020383173942239985,1.0
2026-02-10,1050.6702110770686,NESTLEIND,0.0008590141438402643,1.0
2026-02-11,1037.2941932446004,NESTLEIND,-0.012730938491875787,-1.0
2026-02-12,1043.3622788107662,NESTLEIND,0.00584991760841258,1.0
2026-02-13,1052.8544583743833,NESTLEIND,0.009097683284502445,1.0
2026-02-16,1044.043932684365,NESTLEIND,-0.008368227555042851,-1.0
2026-02-17,1029.9176834767875,NESTLEIND,-0.013530320674588148,-1.0
2026-02-18,1070.7995849695903,NESTLEIND,0.0396943388279285,1.0
2026-02-19,1069.6285295807756,NESTLEIND,-0.0010936270477243104,-1.0
2026-02-20,1058.979965661121,NESTLEIND,-0.00995538509413929,-1.0
2026-02-23,1070.5215729944025,NESTLEIND,0.01089879667938387,1.0
2026-02-24,1070.0270878089373,NESTLEIND,-0.00046191052841848546,-1.0
2026-02-25,1052.9211052814624,NESTLEIND,-0.015986494848931665,-1.0
2026-02-26,1060.8662411216478,NESTLEIND,0.007545803574771748,1.0
2026-02-27,1047.6087924587016,NESTLEIND,-0.012496814536137157,-1.0
2026-03-02,1072.695744056441,NESTLEIND,0.023946870032334644,1.0
2026-03-03,1080.9743479559322,NESTLEIND,0.007717569446286099,1.0
2026-03-04,1076.8091307148613,NESTLEIND,-0.0038532063678912154,-1.0
2026-03-05,1078.8983614654155,NESTLEIND,0.0019402052703316741,1.0
2026-03-06,1093.8403720806155,NESTLEIND,0.013849321816473026,1.0
2026-03-09,1097.2197030940524,NESTLEIND,0.0030894188034118475,1.0
2026-03-10,1132.4751736339638,NESTLEIND,0.032131641858503146,1.0
2026-03-11,1152.110042628882,NESTLEIND,0.01733801274593283,1.0
2026-03-12,1160.8823358170757,NESTLEIND,0.007614110513416872,1.0
2026-03-13,1144.9146452758287,NESTLEIND,-0.013754788102627424,-1.0
2026-03-16,1142.7355045487986,NESTLEIND,-0.0019033215585297913,-1.0
2026-03-17,1151.2867366579433,NESTLEIND,0.007483124550786702,1.0
2026-03-18,1137.421881167892,NESTLEIND,-0.01204292123637185,-1.0
2026-03-19,1159.8306881713443,NESTLEIND,0.01970140312444424,1.0
2026-03-20,1143.2307736762718,NESTLEIND,-0.014312360126670587,-1.0
2026-03-23,1132.6463024916234,NESTLEIND,-0.00925838547068858,-1.0
2026-03-24,1123.4328049923922,NESTLEIND,-0.008134487773423293,-1.0
2026-03-25,1136.3043868373557,NESTLEIND,0.01145736690949728,1.0
2026-03-26,1122.9254872762908,NESTLEIND,-0.011774045507561559,-1.0
2026-03-27,1092.943771411118,NESTLEIND,-0.026699648556285704,-1.0
2026-03-30,1111.1091335715287,NESTLEIND,0.01662058253642562,1.0
2026-03-31,1104.0360414083793,NESTLEIND,-0.0063657942765835696,-1.0
2026-04-01,1086.6721881745668,NESTLEIND,-0.015727614482279106,-1.0
2026-04-02,1074.693932894456,NESTLEIND,-0.01102287829803783,-1.0
2026-04-03,1102.6912587358388,NESTLEIND,0.02605144123776526,1.0
2026-04-06,1092.154320989605,NESTLEIND,-0.009555655459093537,-1.0
2026-04-07,1090.4609121455067,NESTLEIND,-0.0015505215806533856,-1.0
2026-04-08,1083.4778453442555,NESTLEIND,-0.006403775434290271,-1.0
2026-04-09,1063.769450348916,NESTLEIND,-0.01818993815150638,-1.0
2026-04-10,1052.23736143314,NESTLEIND,-0.010840778433704346,-1.0
2026-04-13,1032.016909484665,NESTLEIND,-0.019216626105097556,-1.0
2026-04-14,1047.1237991569444,NESTLEIND,0.014638219135210795,1.0
2026-04-15,1049.0224293375952,NESTLEIND,0.0018131859692038788,1.0
2026-01-15,1037.5401664326148,POWERGRID,,
2026-01-16,1026.8185782086555,POWERGRID,-0.010333660874858874,-1.0
2026-01-19,1013.8982189297103,POWERGRID,-0.0125829036921844,-1.0
2026-01-20,1037.5285328564119,POWERGRID,0.023306396525329953,1.0
2026-01-21,1054.3050117844305,POWERGRID,0.016169655481022227,1.0
2026-01-22,1060.7061986501537,POWERGRID,0.006071475326565379,1.0
2026-01-23,1043.3049181081758,POWERGRID,-0.01640537272632392,-1.0
2026-01-26,1070.9263574066229,POWERGRID,0.0264749440159191,1.0
2026-01-27,1070.0893777000892,POWERGRID,-0.0007815473965553377,-1.0
2026-01-28,1063.497491309767,POWERGRID,-0.006160126927425513,-1.0
2026-01-29,1082.04956275037,POWERGRID,0.017444396053774236,1.0
2026-01-30,1082.012311226134,POWERGRID,-3.442681880594378e-05,-1.0
2026-02-02,1063.417874167276,POWERGRID,-0.017185051284478225,-1.0
2026-02-03,1064.379777099759,POWERGRID,0.000904538992478443,1.0
2026-02-04,1052.2243130840932,POWERGRID,-0.01142023202356135,-1.0
2026-02-05,1005.0424516275858,POWERGRID,-0.044840117140247604,-1.0
2026-02-06,992.05162176592,POWERGRID,-0.012925652882252114,-1.0
2026-02-09,984.4961233183045,POWERGRID,-0.007616033563017766,-1.0
2026-02-10,967.7255502048386,POWERGRID,-0.01703467663939573,-1.0
2026-02-11,976.3660793718021,POWERGRID,0.008928697981710476,1.0
2026-02-12,965.272884914521,POWERGRID,-0.011361716359931884,-1.0
2026-02-13,972.4896443664679,POWERGRID,0.007476393012516791,1.0
2026-02-16,954.7905311826133,POWERGRID,-0.018199796045524685,-1.0
2026-02-17,968.0986725912934,POWERGRID,0.013938283816238073,1.0
2026-02-18,949.8526865982935,POWERGRID,-0.018847237899997427,-1.0
2026-02-19,916.7760081525975,POWERGRID,-0.034822956140865946,-1.0
2026-02-20,934.0654307629809,POWERGRID,0.018858938777448486,1.0
2026-02-23,922.353738175167,POWERGRID,-0.012538407055967538,-1.0
2026-02-24,946.9380955647016,POWERGRID,0.02665393587299114,1.0
2026-02-25,955.2416806888892,POWERGRID,0.008768878518120804,1.0
2026-02-26,966.8516400996552,POWERGRID,0.01215394977571882,1.0
2026-02-27,982.3039476180059,POWERGRID,0.01598208750699115,1.0
2026-03-02,984.2589193018234,POWERGRID,0.00199019019373603,1.0
2026-03-03,986.3857367500434,POWERGRID,0.002160831267578045,1.0
2026-03-04,1005.6400853279517,POWERGRID,0.019520100362914627,1.0
2026-03-05,1007.6215758602875,POWERGRID,0.001970377435471349,1.0
2026-03-06,996.9179618049329,POWERGRID,-0.010622652701949176,-1.0
2026-03-09,1005.9763356420752,POWERGRID,0.009086378402433537,1.0
2026-03-10,974.3839996899131,POWERGRID,-0.03140465121577429,-1.0
2026-03-11,993.9626696331743,POWERGRID,0.020093382023403272,1.0
2026-03-12,1014.2460553650338,POWERGRID,0.020406587039476287,1.0
2026-03-13,1032.7788664338489,POWERGRID,0.018272500021846216,1.0
2026-03-16,1051.055519683172,POWERGRID,0.017696579435665383,1.0
2026-03-17,1050.0437422342632,POWERGRID,-0.0009626298801168609,-1.0
2026-03-18,1048.6784378032805,POWERGRID,-0.0013002357673953524,-1.0
2026-03-19,1029.6505856086037,POWERGRID,-0.018144601346562816,-1.0
2026-03-20,1056.9575562616703,POWERGRID,0.026520618775665694,1.0
2026-03-23,1049.5849891849834,POWERGRID,-0.006975272595394211,-1.0
2026-03-24,1055.2509424691398,POWERGRID,0.005398279646278148,1.0
2026-03-25,1059.5887406158988,POWERGRID,0.0041106792443219575,1.0
2026-03-26,1038.6022211500833,POWERGRID,-0.019806287724062455,-1.0
2026-03-27,1011.7334514878369,POWERGRID,-0.025870125361847962,-1.0
2026-03-30,1012.1217540914673,POWERGRID,0.00038379931301024683,1.0
2026-03-31,1005.5365440523942,POWERGRID,-0.006506341764172752,-1.0
2026-04-01,1004.4892245602932,POWERGRID,-0.0010415528886500436,-1.0
2026-04-02,1020.8435491309202,POWERGRID,0.01628123445304852,1.0
2026-04-03,1024.5942939705164,POWERGRID,0.003674162258055391,1.0
2026-04-06,1036.559340265441,POWERGRID,0.01167783811147105,1.0
2026-04-07,1043.7944440573158,POWERGRID,0.006979922432633678,1.0
2026-04-08,1039.1547642899966,POWERGRID,-0.004445012898597556,-1.0
2026-04-09,1023.8510827082412,POWERGRID,-0.014727047507896218,-1.0
2026-04-10,1028.2237131712566,POWERGRID,0.004270768021702009,1.0
2026-04-13,1029.8260859937836,POWERGRID,0.0015583892901915863,1.0
2026-04-14,1044.2718118564555,POWERGRID,0.014027345062571195,1.0
2026-04-15,1042.2213830617368,POWERGRID,-0.0019635010458375346,-1.0
2026-01-15,995.8398768232671,ULTRACEMCO,,
2026-01-16,992.7104592151728,ULTRACEMCO,-0.0031424907567240146,-1.0
2026-01-19,979.3278292569954,ULTRACEMCO,-0.013480899525081691,-1.0
2026-01-20,1000.876615236643,ULTRACEMCO,0.022003649172306794,1.0
2026-01-21,1018.2862947794067,ULTRACEMCO,0.01739443131923646,1.0
2026-01-22,1000.0636059180416,ULTRACEMCO,-0.01789544743437077,-1.0
2026-01-23,1012.4236141672998,ULTRACEMCO,0.012359222129588288,1.0
2026-01-26,984.7084408267993,ULTRACEMCO,-0.027375075958985473,-1.0
2026-01-27,999.5571927265503,ULTRACEMCO,0.015079338496665429,1.0
2026-01-28,989.4164283534225,ULTRACEMCO,-0.01014525676661504,-1.0
2026-01-29,995.0546261470348,ULTRACEMCO,0.005698508365173716,1.0
2026-01-30,966.5536293932693,ULTRACEMCO,-0.028642645343125217,-1.0
2026-02-02,949.4644165966264,ULTRACEMCO,-0.01768056347516922,-1.0
2026-02-03,956.4245077619538,ULTRACEMCO,0.007330544508741044,1.0
2026-02-04,946.6559486501094,ULTRACEMCO,-0.010213622750741669,-1.0
2026-02-05,935.0126077164585,ULTRACEMCO,-0.012299443055582948,-1.0
2026-02-06,954.8703357849665,ULTRACEMCO,0.021237925461781382,1.0
2026-02-09,986.8244873528268,ULTRACEMCO,0.03346438816909303,1.0
2026-02-10,1000.9905591666976,ULTRACEMCO,0.01435520905229204,1.0
2026-02-11,984.8964241737826,ULTRACEMCO,-0.016078208576025932,-1.0
2026-02-12,1011.2451513738372,ULTRACEMCO,0.026752789992265713,1.0
2026-02-13,987.8636628927276,ULTRACEMCO,-0.02312148389472568,-1.0
2026-02-16,983.6480813444596,ULTRACEMCO,-0.004267371811129905,-1.0
2026-02-17,984.7514064498248,ULTRACEMCO,0.0011216665048106034,1.0
2026-02-18,1013.4673164635033,ULTRACEMCO,0.029160567657581238,1.0
2026-02-19,1027.645609763149,ULTRACEMCO,0.013989887063275974,1.0
2026-02-20,1020.8052250602589,ULTRACEMCO,-0.0066563654219927715,-1.0
2026-02-23,1006.6422221477956,ULTRACEMCO,-0.013874344061696187,-1.0
2026-02-24,1022.0769564151104,ULTRACEMCO,0.015332889807048833,1.0
2026-02-25,1014.2065710069472,ULTRACEMCO,-0.007700384358305334,-1.0
2026-02-26,1017.8081212979484,ULTRACEMCO,0.0035511013179745365,1.0
2026-02-27,997.200919207374,ULTRACEMCO,-0.020246647338886814,-1.0
2026-03-02,1006.0150463305702,ULTRACEMCO,0.008838867828363073,1.0
2026-03-03,1013.6913708898294,ULTRACEMCO,0.0076304271862122075,1.0
2026-03-04,995.1161851646975,ULTRACEMCO,-0.018324300924872583,-1.0
2026-03-05,1010.8134928693753,ULTRACEMCO,0.015774346693074648,1.0
2026-03-06,1019.527905138504,ULTRACEMCO,0.008621187123641683,1.0
2026-03-09,1031.1508941528741,ULTRACEMCO,0.011400363791701285,1.0
2026-03-10,1025.603116331731,ULTRACEMCO,-0.0053801803912519874,-1.0
2026-03-11,1028.6638710631744,ULTRACEMCO,0.002984346169296881,1.0
2026-03-12,1029.9504035133525,ULTRACEMCO,0.0012506830329799268,1.0
2026-03-13,1027.970266111926,ULTRACEMCO,-0.0019225560713135303,-1.0
2026-03-16,1030.9077416951961,ULTRACEMCO,0.0028575491724875945,1.0
2026-03-17,1050.6461658479832,ULTRACEMCO,0.01914664460694593,1.0
2026-03-18,1067.9022512031893,ULTRACEMCO,0.01642425958055882,1.0
2026-03-19,1049.2909467073873,ULTRACEMCO,-0.017427910162032934,-1.0
2026-03-20,1065.1153320716417,ULTRACEMCO,0.015081027253604384,1.0
2026-03-23,1084.465442706405,ULTRACEMCO,0.018167150591220427,1.0
2026-03-24,1082.331577902326,ULTRACEMCO,-0.001967665100285343,-1.0
2026-03-25,1090.9109027176962,ULTRACEMCO,0.007926706556966368,1.0
2026-03-26,1099.321853060835,ULTRACEMCO,0.007710025009545207,1.0
2026-03-27,1085.6358464755199,ULTRACEMCO,-0.012449499250114404,-1.0
2026-03-30,1079.7415556665503,ULTRACEMCO,-0.005429344312925188,-1.0
2026-03-31,1092.2256933628705,ULTRACEMCO,0.011562153582774126,1.0
2026-04-01,1084.43011427476,ULTRACEMCO,-0.007137333552471814,-1.0
2026-04-02,1100.6233597869293,ULTRACEMCO,0.014932493388934542,1.0
2026-04-03,1122.4977940790263,ULTRACEMCO,0.019874586612746103,1.0
2026-04-06,1142.0910802138508,ULTRACEMCO,0.017455077629707105,1.0
2026-04-07,1176.3504652056076,ULTRACEMCO,0.02999706904754218,1.0
2026-04-08,1175.1023759079344,ULTRACEMCO,-0.0010609842343668463,-1.0
2026-04-09,1178.578347666224,ULTRACEMCO,0.0029580161095359436,1.0
2026-04-10,1184.6008190453697,ULTRACEMCO,0.0051099457164396345,1.0
2026-04-13,1183.882987819893,ULTRACEMCO,-0.0006059688748611958,-1.0
2026-04-14,1193.8662996731277,ULTRACEMCO,0.008432684611524577,1.0
2026-04-15,1163.5802272314954,ULTRACEMCO,-0.025368060435179696,-1.0
2026-01-15,1003.3735808303878,TITAN,,
2026-01-16,982.9433397482368,TITAN,-0.020361549748243335,-1.0
2026-01-19,969.0451606589965,TITAN,-0.014139349164113635,-1.0
2026-01-20,979.9889240773164,TITAN,0.011293347165448608,1.0
2026-01-21,977.35594513028,TITAN,-0.002686743576735151,-1.0
2026-01-22,987.8764167279056,TITAN,0.010764217120737163,1.0
2026-01-23,984.9012796519813,TITAN,-0.0030116490540169627,-1.0
2026-01-26,1001.5422649883072,TITAN,0.016896094745867396,1.0
2026-01-27,998.2509861964593,TITAN,-0.003286210584319549,-1.0
2026-01-28,969.277971840217,TITAN,-0.029023777343446855,-1.0
2026-01-29,972.845776203165,TITAN,0.0036808887301693627,1.0
2026-01-30,941.4881378350003,TITAN,-0.032232897685538275,-1.0
2026-02-02,921.2547918165626,TITAN,-0.021490813537986098,-1.0
2026-02-03,909.3298874427414,TITAN,-0.012944197934978696,-1.0
2026-02-04,895.857581219038,TITAN,-0.014815642166552845,-1.0
2026-02-05,888.8020200641158,TITAN,-0.007875762066244185,-1.0
2026-02-06,875.1757808711611,TITAN,-0.015331017352966603,-1.0
2026-02-09,856.9814978021003,TITAN,-0.02078928995378504,-1.0
2026-02-10,877.0584628411177,TITAN,0.023427536172611507,1.0
2026-02-11,868.3999941783317,TITAN,-0.009872168195878328,-1.0
2026-02-12,839.6025349214891,TITAN,-0.033161514797210856,-1.0
2026-02-13,835.3089959687908,TITAN,-0.005113775595138925,-1.0
2026-02-16,821.4671191053427,TITAN,-0.0165709658704134,-1.0
2026-02-17,810.8089821316685,TITAN,-0.012974514409392235,-1.0
2026-02-18,819.6915057903623,TITAN,0.010955137220287181,1.0
2026-02-19,814.4271483414973,TITAN,-0.006422364281778115,-1.0
2026-02-20,800.59088703923,TITAN,-0.016988949018268307,-1.0
2026-02-23,806.1900617060572,TITAN,0.00699380264935856,1.0
2026-02-24,820.3379817623749,TITAN,0.017549112459136262,1.0
2026-02-25,827.1903325523691,TITAN,0.008353082439597648,1.0
2026-02-26,796.9951279133962,TITAN,-0.036503333574756436,-1.0
2026-02-27,783.9046084354951,TITAN,-0.01642484253595533,-1.0
2026-03-02,784.6977066454641,TITAN,0.001011727959543185,1.0
2026-03-03,782.0575982117749,TITAN,-0.0033644910789601967,-1.0
2026-03-04,778.4529951785773,TITAN,-0.004609127309087913,-1.0
2026-03-05,767.2110827110248,TITAN,-0.014441350392612518,-1.0
2026-03-06,751.2655507425497,TITAN,-0.020783761246161547,-1.0
2026-03-09,774.1165889778267,TITAN,0.03041672576719523,1.0
2026-03-10,774.6636295330376,TITAN,0.000706664297083659,1.0
2026-03-11,782.3574545553918,TITAN,0.009931826833011304,1.0
2026-03-12,782.6655215755535,TITAN,0.0003937676037570892,1.0
2026-03-13,783.4444541579339,TITAN,0.000995230479569953,1.0
2026-03-16,782.9496690317072,TITAN,-0.0006315509971392963,-1.0
2026-03-17,770.0257632144626,TITAN,-0.016506687886116533,-1.0
2026-03-18,752.7638324313808,TITAN,-0.022417341870513585,-1.0
2026-03-19,757.350708968948,TITAN,0.006093380606174703,1.0
2026-03-20,759.7118528864573,TITAN,0.0031176361090674565,1.0
2026-03-23,770.6321132407752,TITAN,0.014374213476895603,1.0
2026-03-24,779.3636928921919,TITAN,0.011330412399630507,1.0
2026-03-25,770.1456262757133,TITAN,-0.01182768289124514,-1.0
2026-03-26,783.460573607457,TITAN,0.01728886963382803,1.0
2026-03-27,792.6861414566552,TITAN,0.011775407927317794,1.0
2026-03-30,801.1382553746131,TITAN,0.010662623547859962,1.0
2026-03-31,828.4089229796248,TITAN,0.0340399018796822,1.0
2026-04-01,854.0559508124812,TITAN,0.03095938143762278,1.0
2026-04-02,863.1505419658298,TITAN,0.01064870649832339,1.0
2026-04-03,870.7272412464631,TITAN,0.008777958087562876,1.0
2026-04-06,885.1158589048708,TITAN,0.016524827726545066,1.0
2026-04-07,877.6283925265045,TITAN,-0.008459306545055445,-1.0
2026-04-08,870.3902060139493,TITAN,-0.008247438863865808,-1.0
2026-04-09,879.4434140345475,TITAN,0.010401321106378703,1.0
2026-04-10,868.4089132208383,TITAN,-0.012547141336913481,-1.0
2026-04-13,876.3909304655103,TITAN,0.009191542282848797,1.0
2026-04-14,878.7155420700137,TITAN,0.0026524824980429518,1.0
2026-04-15,867.69394345456,TITAN,-0.012542851568881908,-1.0
